﻿<hibernate-mapping xmlns="urn:nhibernate-mapping-2.2" assembly="BExIS.Security.Entities" namespace="BExIS.Security.Entities.Subjects">
  <class xmlns="urn:nhibernate-mapping-2.2" name="Subject" table="Subjects" abstract="true" dynamic-update="true">
    <id name="Id" type="long" column="Id">
      <generator class="hilo" />
    </id>
    <version name="VersionNo" type="Int32">
      <column name="VersionNo" />
    </version>
    <property name="Extra" type="System.Xml.XmlDocument, System.Xml, Version=4.0.0.0, Culture=neutral, PublicKeyToken=b77a5c561934e089">
      <column name="Extra" not-null="false" sql-type="xml" />
    </property>
    <property name="Name" type="string" />
    <set name="Permissions" cascade="all-delete-orphan" lazy="true">
      <key column="SubjectRef" />
      <one-to-many class="BExIS.Security.Entities.Authorization.Permission, BExIS.Security.Entities" />
    </set>
    <set name="Roles" table="Subjects_Roles" cascade="all" lazy="true">
      <key column="SubjectRef" />
      <many-to-many column="RolesRef" class="BExIS.Security.Entities.Authorization.Role, BExIS.Security.Entities" />
    </set>
  </class>
</hibernate-mapping>