﻿<hibernate-mapping xmlns="urn:nhibernate-mapping-2.2" assembly="BExIS.Security.Entities" namespace="BExIS.Security.Entities.Subjects">
  <union-subclass xmlns="urn:nhibernate-mapping-2.2" name="User" table="Users" extends="Subject" dynamic-update="true">
    <property name="AccessFailedCount" type="Int32" />
    <property name="Email" type="String" />
    <property name="IsEmailConfirmed" type="yes_no" />
    <property name="IsAdministrator" type="yes_no" />
    <set name="Groups" table="Users_Groups" cascade="all" lazy="true">
      <key column="UserRef" />
      <many-to-many column="GroupRef" class="BExIS.Security.Entities.Subjects.Group, BExIS.Security.Entities" />
    </set>
    <property name="LockoutEnabled" type="yes_no" />
    <property name="LockoutEndDate" type="DateTime" />
    <set name="Logins" cascade="all" lazy="true">
      <key column="UserRef" />
      <one-to-many class="BExIS.Security.Entities.Authentication.Login, BExIS.Security.Entities" />
    </set>
    <property name="Password" type="string" />
    <property name="PhoneNumber" type="String" />
    <property name="IsPhoneNumberConfirmed" type="yes_no" />
    <property name="SecurityStamp" type="string" />
    <property name="IsTwoFactorEnabled" type="yes_no" />
  </union-subclass>
</hibernate-mapping>