﻿<mapping id="2" name="abcd">
	<header>
		<destination xPath="DataSets"  prefix="" namespaceUri="" />
		<packages>
			<package abbreviation="xmlns" url="http://www.tdwg.org/schemas/abcd/2.06" />
		</packages>
		<schema abbreviation="abcd" url="Metadata/ABCD/ABCD_2.06.xsd"/>
	</header>
	<routes>
		<route>
			<source xPath="DataSets/DataSet/TechnicalContacts/TechnicalContact/Name" />
			<destination xPath="Metadata/TechnicalContact/Person/Name/Name"  sequence="Person" />
		</route>
		<route>
			<source xPath="DataSets/DataSet/TechnicalContacts/TechnicalContact/Phone" />
			<destination xPath="Metadata/TechnicalContact/Person/Phone/Phone"   sequence="Person" />
		</route>
		<route>
			<source xPath="DataSets/DataSet/TechnicalContacts/TechnicalContact/Email" />
			<destination xPath="Metadata/TechnicalContact/Person/Email/Email"   sequence="Person" />
		</route>
		<route>
			<source xPath="DataSets/DataSet/TechnicalContacts/TechnicalContact/Address" />
			<destination xPath="Metadata/TechnicalContact/Person/Address/Address" sequence="Person" />
		</route>
		<route>
			<source xPath="DataSets/DataSet/ContentContacts/ContentContact/Name" />
			<destination xPath="Metadata/ContentContact/Person/Name/Name"   sequence="Person" />
		</route>
		<route>
			<source xPath="DataSets/DataSet/ContentContacts/ContentContact/Phone" />
			<destination xPath="Metadata/ContentContact/Person/Phone/Phone" sequence="Person" />
		</route>
		<route>
			<source xPath="DataSets/DataSet/ContentContacts/ContentContact/Email" />
			<destination xPath="Metadata/ContentContact/Person/Email/Email"   sequence="Person" />
		</route>
		<route>
			<source xPath="DataSets/DataSet/ContentContacts/ContentContact/Address" />
			<destination xPath="Metadata/ContentContact/Person/Address/Address"   sequence="Person" />
		</route>
		<route>
			<source xPath="DataSets/DataSet/Metadata/Description/Representation/Title" />
			<destination xPath="Metadata/Description/Description/Title/Title" sequence="Description" />
		</route>
		<route>
			<source xPath="DataSets/DataSet/Metadata/Description/Representation/Details" />
			<destination xPath="Metadata/Description/Description/Details/Details" sequence="Description" />
		</route>
		<route>
			<source xPath="DataSets/DataSet/Metadata/Description/Representation/Coverage" />
			<destination xPath="Metadata/Description/Description/Coverage/Coverage" sequence="Description" />
		</route>
		<route>
			<source xPath="DataSets/DataSet/Metadata/Description/Representation/URI" />
			<destination xPath="Metadata/Description/Description/URI/URI" sequence="Description" />
		</route>
		<route>
			<source xPath="DataSets/DataSet/Metadata/RevisionData/DateModified" />
			<destination xPath="Metadata/Description/Description/DateModified/RevisionData"   />
		</route>
		<route>
			<source xPath="DataSets/DataSet/Metadata/Owners/Owner/Person/FullName" />
			<destination xPath="Metadata/Owner/Owner/FullName/Name" sequence="Owner" />
		</route>
		<route>
			<source xPath="DataSets/DataSet/Metadata/Owners/Owner/Person/SortingName" />
			<destination xPath="Metadata/Owner/Owner/SortingName/Name" sequence="Owner" />
		</route>
		<route>
			<source xPath="DataSets/DataSet/Metadata/Owners/Owner/Organisation/Name/Representation/Text" />
			<destination xPath="Metadata/Owner/Owner/OrganisationName/Name" sequence="Owner" />
		</route>
		<route>
			<source xPath="DataSets/DataSet/Units/Unit/SourceInstitutionID" />
			<destination xPath="DataSets/DataSet/Units/Unit/SourceInstitutionID" sequence="Unit" />
		</route>
		<route>
			<source xPath="DataSets/DataSet/Units/Unit/SourceID" />
			<destination xPath="Metadata/Unit/Unit/SourceID/Id" sequence="Unit" />
		</route>
		<route>
			<source xPath="DataSets/DataSet/Units/Unit/UnitID" />
			<destination xPath="Metadata/Unit/Unit/UnitID/Id" sequence="Unit" />
		</route>
	</routes>
</mapping>
