﻿<?xml version="1.0" encoding="utf-8"?>
<mapping id="1" name="abcd">
	<header>
		<destination xPath="DataSets" type="complex"></destination>
		<packages>
		  <package abbreviation="xmlns" url="http://www.tdwg.org/schemas/abcd/2.06" ></package>
		</packages>
		<schema abbreviation="abcd" url="http://rs.tdwg.org/abcd/2.06/ABCD_2.06.xsd"></schema>
	</header>
	<routes>
		<route>
			<source xPath="Metadata/TechnicalContact/Person/Name/Name" ></source>
			<destination xPath="DataSets/DataSet/TechnicalContacts/TechnicalContact/Name"   sequence="TechnicalContact" ></destination>
		</route>
		<route>
			<source xPath="Metadata/TechnicalContact/Person/Phone/Phone" ></source>
			<destination xPath="DataSets/DataSet/TechnicalContacts/TechnicalContact/Phone"   sequence="TechnicalContact" ></destination>
		</route>
		<route>
			<source xPath="Metadata/TechnicalContact/Person/Email/Email" ></source>
			<destination xPath="DataSets/DataSet/TechnicalContacts/TechnicalContact/Email"   sequence="TechnicalContact" ></destination>
		</route>
	</routes>
</mapping>


<!-- 

source
............

destination
............

sequence = node where the sequence is listed

dataType only by elements = string | int

..
schema defined datatypes like - String255
reading from xsd

<xs:simpleType name="String255">
		<xs:annotation>
			<xs:documentation xml:lang="en-us">normalized string restricted to 1..255 character length (i. e. required, may not be empty string)</xs:documentation>
		</xs:annotation>
		<xs:restriction base="xs:normalizedString">
			<xs:minLength fixed="true" value="1"/>
			<xs:maxLength fixed="true" value="255"/>
			<xs:whiteSpace fixed="false" value="collapse"/>
		</xs:restriction>
	</xs:simpleType>
..


Validation???? wird beim eingang geprüft nicht bei der erstellung der output dokumente

-->