﻿<mapping id="1" name="eml">
	<header>
		<destination xPath="eml" sequence="" prefix="eml" namespaceUri="eml://ecoinformatics.org/eml-2.1.1" ></destination>
		<attributes>
			<attribute name = "packageId" value="eml.1.1"></attribute>
			<attribute name = "system" value="bexis"></attribute>
		</attributes>
		<packages>
		  <package abbreviation="xmlns:xsi" url="http://www.w3.org/2001/XMLSchema-instance" ></package>
		</packages>
		<schema abbreviation="eml" url="Metadata/Eml/eml.xsd"></schema>
	</header>
	<routes>
		<route>
			<source xPath="eml/dataset/title"  ></source>
			<destination xPath="Metadata/Description/DescriptionEML/Title/Title" ></destination>
		</route>
		<route>
			<source xPath="eml/dataset/creator/individualName/givenName" ></source>
			<destination xPath="Metadata/Creator/PersonEML/Givenname/Name" sequence="PersonEML" ></destination>
		</route>
		<route>
			<source xPath="eml/dataset/creator/individualName/surName" ></source>
			<destination xPath="Metadata/Creator/PersonEML/Surname/Name" sequence="PersonEML"   ></destination>
		</route>
		<route>
			<source xPath="eml/dataset/creator/organizationName" ></source>
			<destination xPath="Metadata/Creator/PersonEML/Organization/Name" sequence="PersonEML"   ></destination>
		</route>
		<route>
			<source xPath="eml/dataset/contact/individualName/givenName" ></source>
			<destination xPath="Metadata/Contact/PersonEML/Givenname/Name" sequence="PersonEML"   ></destination>
		</route>
		<route>
			<source xPath="eml/dataset/contact/individualName/surName" ></source>
			<destination xPath="Metadata/Contact/PersonEML/Surname/Name" sequence="PersonEML" ></destination>
		</route>
		<route>
			<source xPath="eml/dataset/contact/organizationName" ></source>
			<destination xPath="Metadata/Contact/PersonEML/Organization/Name" sequence="PersonEML" ></destination>
		</route>
	</routes>
</mapping>
