<mapping name="Basic ABCD">
  <header>
    <destination namespaceUri="" prefix="DataSet" sequence="" xPath="Dataset" />
    <attributes />
    <packages />
    <schema abbreviation="Basic ABCD" url="Metadata/Basic ABCD/ABCD_2.06.XSD" />
  </header>
  <routes>
    <route>
      <source xPath="Metadata/Basic/BasicType/DatasetGUID/DatasetGUIDType" />
      <destination xPath="DataSets/DataSet/DatasetGUID" sequence="DataSet" />
    </route>
    <route>
      <source xPath="Metadata/TechnicalContacts/TechnicalContactsType/TechnicalContact/MicroAgentP/Name/NameType" />
      <destination xPath="DataSets/DataSet/TechnicalContacts/TechnicalContact/Name" sequence="TechnicalContact" />
    </route>
    <route>
      <source xPath="Metadata/TechnicalContacts/TechnicalContactsType/TechnicalContact/MicroAgentP/Email/EmailType" />
      <destination xPath="DataSets/DataSet/TechnicalContacts/TechnicalContact/Email" sequence="TechnicalContact" />
    </route>
    <route>
      <source xPath="Metadata/TechnicalContacts/TechnicalContactsType/TechnicalContact/MicroAgentP/Phone/PhoneType" />
      <destination xPath="DataSets/DataSet/TechnicalContacts/TechnicalContact/Phone" sequence="TechnicalContact" />
    </route>
    <route>
      <source xPath="Metadata/TechnicalContacts/TechnicalContactsType/TechnicalContact/MicroAgentP/Address/AddressType" />
      <destination xPath="DataSets/DataSet/TechnicalContacts/TechnicalContact/Address" sequence="TechnicalContact" />
    </route>
    <route>
      <source xPath="Metadata/ContentContacts/ContentContactsType/ContentContact/MicroAgentP/Name/NameType" />
      <destination xPath="DataSets/DataSet/ContentContacts/ContentContact/Name" sequence="ContentContact" />
    </route>
    <route>
      <source xPath="Metadata/ContentContacts/ContentContactsType/ContentContact/MicroAgentP/Email/EmailType" />
      <destination xPath="DataSets/DataSet/ContentContacts/ContentContact/Email" sequence="ContentContact" />
    </route>
    <route>
      <source xPath="Metadata/ContentContacts/ContentContactsType/ContentContact/MicroAgentP/Phone/PhoneType" />
      <destination xPath="DataSets/DataSet/ContentContacts/ContentContact/Phone" sequence="ContentContact" />
    </route>
    <route>
      <source xPath="Metadata/ContentContacts/ContentContactsType/ContentContact/MicroAgentP/Address/AddressType" />
      <destination xPath="DataSets/DataSet/ContentContacts/ContentContact/Address" sequence="ContentContact" />
    </route>
    <route>
      <source xPath="Metadata/OtherProviders/OtherProvidersType/OtherProvider/OtherProviderType" />
      <destination xPath="DataSets/DataSet/OtherProviders/OtherProvider" sequence="OtherProvider" />
    </route>
    <route>
      <source xPath="Metadata/Metadata/MetadataType/Description/DescriptionType/Representation/MetadataDescriptionRepr/Title/TitleType" />
      <destination xPath="DataSets/DataSet/Metadata/Description/Representation/Title" sequence="Representation" />
    </route>
    <route>
      <source xPath="Metadata/Metadata/MetadataType/Description/DescriptionType/Representation/MetadataDescriptionRepr/Details/DetailsType" />
      <destination xPath="DataSets/DataSet/Metadata/Description/Representation/Details" sequence="Representation" />
    </route>
    <route>
      <source xPath="Metadata/Metadata/MetadataType/Description/DescriptionType/Representation/MetadataDescriptionRepr/Coverage/CoverageType" />
      <destination xPath="DataSets/DataSet/Metadata/Description/Representation/Coverage" sequence="Representation" />
    </route>
    <route>
      <source xPath="Metadata/Metadata/MetadataType/Description/DescriptionType/Representation/MetadataDescriptionRepr/URI/URIType" />
      <destination xPath="DataSets/DataSet/Metadata/Description/Representation/URI" sequence="Representation" />
    </route>
    <route>
      <source xPath="Metadata/Metadata/MetadataType/IconURI/IconURIType" />
      <destination xPath="DataSets/DataSet/Metadata/IconURI" sequence="Metadata" />
    </route>
    <route>
      <source xPath="Metadata/Metadata/MetadataType/Scope/ScopeType/GeoecologicalTerms/GeoecologicalTermsType/GeoEcologicalTerm/GeoEcologicalTermType" />
      <destination xPath="DataSets/DataSet/Metadata/Scope/GeoecologicalTerms/GeoEcologicalTerm" sequence="GeoEcologicalTerm" />
    </route>
    <route>
      <source xPath="Metadata/Metadata/MetadataType/Scope/ScopeType/TaxonomicTerms/TaxonomicTermsType/TaxonomicTerm/TaxonomicTermType" />
      <destination xPath="DataSets/DataSet/Metadata/Scope/TaxonomicTerms/TaxonomicTerm" sequence="TaxonomicTerm" />
    </route>
    <route>
      <source xPath="Metadata/Metadata/MetadataType/Version/VersionType/Major/MajorType" />
      <destination xPath="DataSets/DataSet/Metadata/Version/Major" sequence="Version" />
    </route>
    <route>
      <source xPath="Metadata/Metadata/MetadataType/Version/VersionType/Minor/MinorType" />
      <destination xPath="DataSets/DataSet/Metadata/Version/Minor" sequence="Version" />
    </route>
    <route>
      <source xPath="Metadata/Metadata/MetadataType/Version/VersionType/Modifier/ModifierType" />
      <destination xPath="DataSets/DataSet/Metadata/Version/Modifier" sequence="Version" />
    </route>
    <route>
      <source xPath="Metadata/Metadata/MetadataType/Version/VersionType/DateIssued/DateIssuedType" />
      <destination xPath="DataSets/DataSet/Metadata/Version/DateIssued" sequence="Version" />
    </route>
    <route>
      <source xPath="Metadata/Metadata/MetadataType/RevisionData/RevisionData/Creators/CreatorsType" />
      <destination xPath="DataSets/DataSet/Metadata/RevisionData/Creators" sequence="RevisionData" />
    </route>
    <route>
      <source xPath="Metadata/Metadata/MetadataType/RevisionData/RevisionData/Contributors/ContributorsType" />
      <destination xPath="DataSets/DataSet/Metadata/RevisionData/Contributors" sequence="RevisionData" />
    </route>
    <route>
      <source xPath="Metadata/Metadata/MetadataType/RevisionData/RevisionData/DateCreated/DateCreatedType" />
      <destination xPath="DataSets/DataSet/Metadata/RevisionData/DateCreated" sequence="RevisionData" />
    </route>
    <route>
      <source xPath="Metadata/Metadata/MetadataType/RevisionData/RevisionData/DateModified/DateModifiedType" />
      <destination xPath="DataSets/DataSet/Metadata/RevisionData/DateModified" sequence="RevisionData" />
    </route>
    <route>
      <source xPath="Metadata/Metadata/MetadataType/Owners/OwnersType/Owner/Contact/Organisation/Organisation/Name/Label/Representation/RepresentationType/Text/TextType" />
      <destination xPath="DataSets/DataSet/Metadata/Owners/Owner/Organisation/Name/Representation/Text" sequence="Representation" />
    </route>
    <route>
      <source xPath="Metadata/Metadata/MetadataType/Owners/OwnersType/Owner/Contact/Organisation/Organisation/Name/Label/Representation/RepresentationType/Abbreviation/AbbreviationType" />
      <destination xPath="DataSets/DataSet/Metadata/Owners/Owner/Organisation/Name/Representation/Abbreviation" sequence="Representation" />
    </route>
    <route>
      <source xPath="Metadata/Metadata/MetadataType/Owners/OwnersType/Owner/Contact/Organisation/Organisation/OrgUnits/OrgUnitsType/OrgUnit/OrgUnitType" />
      <destination xPath="DataSets/DataSet/Metadata/Owners/Owner/Organisation/OrgUnits/OrgUnit" sequence="OrgUnit" />
    </route>
    <route>
      <source xPath="Metadata/Metadata/MetadataType/Owners/OwnersType/Owner/Contact/Person/PersonName/FullName/FullNameType" />
      <destination xPath="DataSets/DataSet/Metadata/Owners/Owner/Person/FullName" sequence="Person" />
    </route>
    <route>
      <source xPath="Metadata/Metadata/MetadataType/Owners/OwnersType/Owner/Contact/Person/PersonName/SortingName/SortingNameType" />
      <destination xPath="DataSets/DataSet/Metadata/Owners/Owner/Person/SortingName" sequence="Person" />
    </route>
    <route>
      <source xPath="Metadata/Metadata/MetadataType/Owners/OwnersType/Owner/Contact/Person/PersonName/AtomisedName/AtomisedNameType/InheritedName/InheritedNameType" />
      <destination xPath="DataSets/DataSet/Metadata/Owners/Owner/Person/AtomisedName/InheritedName" sequence="AtomisedName" />
    </route>
    <route>
      <source xPath="Metadata/Metadata/MetadataType/Owners/OwnersType/Owner/Contact/Person/PersonName/AtomisedName/AtomisedNameType/Prefix/PrefixType" />
      <destination xPath="DataSets/DataSet/Metadata/Owners/Owner/Person/AtomisedName/Prefix" sequence="AtomisedName" />
    </route>
    <route>
      <source xPath="Metadata/Metadata/MetadataType/Owners/OwnersType/Owner/Contact/Person/PersonName/AtomisedName/AtomisedNameType/Suffix/SuffixType" />
      <destination xPath="DataSets/DataSet/Metadata/Owners/Owner/Person/AtomisedName/Suffix" sequence="AtomisedName" />
    </route>
    <route>
      <source xPath="Metadata/Metadata/MetadataType/Owners/OwnersType/Owner/Contact/Person/PersonName/AtomisedName/AtomisedNameType/GivenNames/GivenNamesType" />
      <destination xPath="DataSets/DataSet/Metadata/Owners/Owner/Person/AtomisedName/GivenNames" sequence="AtomisedName" />
    </route>
    <route>
      <source xPath="Metadata/Metadata/MetadataType/Owners/OwnersType/Owner/Contact/Person/PersonName/AtomisedName/AtomisedNameType/PreferredName/PreferredNameType" />
      <destination xPath="DataSets/DataSet/Metadata/Owners/Owner/Person/AtomisedName/PreferredName" sequence="AtomisedName" />
    </route>
    <route>
      <source xPath="Metadata/Metadata/MetadataType/Owners/OwnersType/Owner/Contact/Roles/RolesType/Role/RoleType" />
      <destination xPath="DataSets/DataSet/Metadata/Owners/Owner/Roles/Role" sequence="Role" />
    </route>
    <route>
      <source xPath="Metadata/Metadata/MetadataType/Owners/OwnersType/Owner/Contact/Addresses/AddressesType/Address/AddressType" />
      <destination xPath="DataSets/DataSet/Metadata/Owners/Owner/Addresses/Address" sequence="Address" />
    </route>
    <route>
      <source xPath="Metadata/Metadata/MetadataType/Owners/OwnersType/Owner/Contact/TelephoneNumbers/TelephoneNumbersType/TelephoneNumber/TelephoneNumber/Number/NumberType" />
      <destination xPath="DataSets/DataSet/Metadata/Owners/Owner/TelephoneNumbers/TelephoneNumber/Number" sequence="TelephoneNumber" />
    </route>
    <route>
      <source xPath="Metadata/Metadata/MetadataType/Owners/OwnersType/Owner/Contact/TelephoneNumbers/TelephoneNumbersType/TelephoneNumber/TelephoneNumber/Device/DeviceType" />
      <destination xPath="DataSets/DataSet/Metadata/Owners/Owner/TelephoneNumbers/TelephoneNumber/Device" sequence="TelephoneNumber" />
    </route>
    <route>
      <source xPath="Metadata/Metadata/MetadataType/Owners/OwnersType/Owner/Contact/TelephoneNumbers/TelephoneNumbersType/TelephoneNumber/TelephoneNumber/UsageNotes/UsageNotesType" />
      <destination xPath="DataSets/DataSet/Metadata/Owners/Owner/TelephoneNumbers/TelephoneNumber/UsageNotes" sequence="TelephoneNumber" />
    </route>
    <route>
      <source xPath="Metadata/Metadata/MetadataType/Owners/OwnersType/Owner/Contact/EmailAddresses/EmailAddressesType/EmailAddress/EmailAddressType" />
      <destination xPath="DataSets/DataSet/Metadata/Owners/Owner/EmailAddresses/EmailAddress" sequence="EmailAddress" />
    </route>
    <route>
      <source xPath="Metadata/Metadata/MetadataType/Owners/OwnersType/Owner/Contact/URIs/URIsType/URL/URLType" />
      <destination xPath="DataSets/DataSet/Metadata/Owners/Owner/URIs/URL" sequence="URL" />
    </route>
    <route>
      <source xPath="Metadata/Metadata/MetadataType/Owners/OwnersType/Owner/Contact/LogoURI/LogoURIType" />
      <destination xPath="DataSets/DataSet/Metadata/Owners/Owner/LogoURI" sequence="Owner" />
    </route>
    <route>
      <source xPath="Metadata/Metadata/MetadataType/IPRStatements/IPRStatements/IPRDeclarations/IPRDeclarationsType/IPRDeclaration/Statement/Text/TextType" />
      <destination xPath="DataSets/DataSet/Metadata/IPRStatements/IPRDeclarations/IPRDeclaration/Text" sequence="IPRDeclaration" />
    </route>
    <route>
      <source xPath="Metadata/Metadata/MetadataType/IPRStatements/IPRStatements/IPRDeclarations/IPRDeclarationsType/IPRDeclaration/Statement/Details/DetailsType" />
      <destination xPath="DataSets/DataSet/Metadata/IPRStatements/IPRDeclarations/IPRDeclaration/Details" sequence="IPRDeclaration" />
    </route>
    <route>
      <source xPath="Metadata/Metadata/MetadataType/IPRStatements/IPRStatements/IPRDeclarations/IPRDeclarationsType/IPRDeclaration/Statement/URI/URIType" />
      <destination xPath="DataSets/DataSet/Metadata/IPRStatements/IPRDeclarations/IPRDeclaration/URI" sequence="IPRDeclaration" />
    </route>
    <route>
      <source xPath="Metadata/Metadata/MetadataType/IPRStatements/IPRStatements/Copyrights/CopyrightsType/Copyright/Statement/Text/TextType" />
      <destination xPath="DataSets/DataSet/Metadata/IPRStatements/Copyrights/Copyright/Text" sequence="Copyright" />
    </route>
    <route>
      <source xPath="Metadata/Metadata/MetadataType/IPRStatements/IPRStatements/Copyrights/CopyrightsType/Copyright/Statement/Details/DetailsType" />
      <destination xPath="DataSets/DataSet/Metadata/IPRStatements/Copyrights/Copyright/Details" sequence="Copyright" />
    </route>
    <route>
      <source xPath="Metadata/Metadata/MetadataType/IPRStatements/IPRStatements/Copyrights/CopyrightsType/Copyright/Statement/URI/URIType" />
      <destination xPath="DataSets/DataSet/Metadata/IPRStatements/Copyrights/Copyright/URI" sequence="Copyright" />
    </route>
    <route>
      <source xPath="Metadata/Metadata/MetadataType/IPRStatements/IPRStatements/Licenses/LicensesType/License/Statement/Text/TextType" />
      <destination xPath="DataSets/DataSet/Metadata/IPRStatements/Licenses/License/Text" sequence="License" />
    </route>
    <route>
      <source xPath="Metadata/Metadata/MetadataType/IPRStatements/IPRStatements/Licenses/LicensesType/License/Statement/Details/DetailsType" />
      <destination xPath="DataSets/DataSet/Metadata/IPRStatements/Licenses/License/Details" sequence="License" />
    </route>
    <route>
      <source xPath="Metadata/Metadata/MetadataType/IPRStatements/IPRStatements/Licenses/LicensesType/License/Statement/URI/URIType" />
      <destination xPath="DataSets/DataSet/Metadata/IPRStatements/Licenses/License/URI" sequence="License" />
    </route>
    <route>
      <source xPath="Metadata/Metadata/MetadataType/IPRStatements/IPRStatements/TermsOfUseStatements/TermsOfUseStatementsType/TermsOfUse/Statement/Text/TextType" />
      <destination xPath="DataSets/DataSet/Metadata/IPRStatements/TermsOfUseStatements/TermsOfUse/Text" sequence="TermsOfUse" />
    </route>
    <route>
      <source xPath="Metadata/Metadata/MetadataType/IPRStatements/IPRStatements/TermsOfUseStatements/TermsOfUseStatementsType/TermsOfUse/Statement/Details/DetailsType" />
      <destination xPath="DataSets/DataSet/Metadata/IPRStatements/TermsOfUseStatements/TermsOfUse/Details" sequence="TermsOfUse" />
    </route>
    <route>
      <source xPath="Metadata/Metadata/MetadataType/IPRStatements/IPRStatements/TermsOfUseStatements/TermsOfUseStatementsType/TermsOfUse/Statement/URI/URIType" />
      <destination xPath="DataSets/DataSet/Metadata/IPRStatements/TermsOfUseStatements/TermsOfUse/URI" sequence="TermsOfUse" />
    </route>
    <route>
      <source xPath="Metadata/Metadata/MetadataType/IPRStatements/IPRStatements/Disclaimers/DisclaimersType/Disclaimer/Statement/Text/TextType" />
      <destination xPath="DataSets/DataSet/Metadata/IPRStatements/Disclaimers/Disclaimer/Text" sequence="Disclaimer" />
    </route>
    <route>
      <source xPath="Metadata/Metadata/MetadataType/IPRStatements/IPRStatements/Disclaimers/DisclaimersType/Disclaimer/Statement/Details/DetailsType" />
      <destination xPath="DataSets/DataSet/Metadata/IPRStatements/Disclaimers/Disclaimer/Details" sequence="Disclaimer" />
    </route>
    <route>
      <source xPath="Metadata/Metadata/MetadataType/IPRStatements/IPRStatements/Disclaimers/DisclaimersType/Disclaimer/Statement/URI/URIType" />
      <destination xPath="DataSets/DataSet/Metadata/IPRStatements/Disclaimers/Disclaimer/URI" sequence="Disclaimer" />
    </route>
    <route>
      <source xPath="Metadata/Metadata/MetadataType/IPRStatements/IPRStatements/Acknowledgements/AcknowledgementsType/Acknowledgement/Statement/Text/TextType" />
      <destination xPath="DataSets/DataSet/Metadata/IPRStatements/Acknowledgements/Acknowledgement/Text" sequence="Acknowledgement" />
    </route>
    <route>
      <source xPath="Metadata/Metadata/MetadataType/IPRStatements/IPRStatements/Acknowledgements/AcknowledgementsType/Acknowledgement/Statement/Details/DetailsType" />
      <destination xPath="DataSets/DataSet/Metadata/IPRStatements/Acknowledgements/Acknowledgement/Details" sequence="Acknowledgement" />
    </route>
    <route>
      <source xPath="Metadata/Metadata/MetadataType/IPRStatements/IPRStatements/Acknowledgements/AcknowledgementsType/Acknowledgement/Statement/URI/URIType" />
      <destination xPath="DataSets/DataSet/Metadata/IPRStatements/Acknowledgements/Acknowledgement/URI" sequence="Acknowledgement" />
    </route>
    <route>
      <source xPath="Metadata/Metadata/MetadataType/IPRStatements/IPRStatements/Citations/CitationsType/Citation/Statement/Text/TextType" />
      <destination xPath="DataSets/DataSet/Metadata/IPRStatements/Citations/Citation/Text" sequence="Citation" />
    </route>
    <route>
      <source xPath="Metadata/Metadata/MetadataType/IPRStatements/IPRStatements/Citations/CitationsType/Citation/Statement/Details/DetailsType" />
      <destination xPath="DataSets/DataSet/Metadata/IPRStatements/Citations/Citation/Details" sequence="Citation" />
    </route>
    <route>
      <source xPath="Metadata/Metadata/MetadataType/IPRStatements/IPRStatements/Citations/CitationsType/Citation/Statement/URI/URIType" />
      <destination xPath="DataSets/DataSet/Metadata/IPRStatements/Citations/Citation/URI" sequence="Citation" />
    </route>
  </routes>
</mapping>