﻿<mapping id="2" name="abcd">
	<header>
		<destination xPath="DataSets"  prefix="" namespaceUri="" />
		<packages>
			<package abbreviation="xmlns" url="http://www.tdwg.org/schemas/abcd/2.06" />
		</packages>
		<schema abbreviation="abcd" url="Metadata/ABCD/ABCD_2.06.xsd"/>
	</header>
	<routes>
		<route>
			<source xPath="Metadata/TechnicalContact/Person/Name/Name" />
			<destination xPath="DataSets/DataSet/TechnicalContacts/TechnicalContact/Name"   sequence="TechnicalContact" />
		</route>
		<route>
			<source xPath="Metadata/TechnicalContact/Person/Phone/Phone" />
			<destination xPath="DataSets/DataSet/TechnicalContacts/TechnicalContact/Phone"   sequence="TechnicalContact" />
		</route>
		<route>
			<source xPath="Metadata/TechnicalContact/Person/Email/Email" />
			<destination xPath="DataSets/DataSet/TechnicalContacts/TechnicalContact/Email"   sequence="TechnicalContact" />
		</route>
		<route>
			<source xPath="Metadata/TechnicalContact/Person/Address/Address" />
			<destination xPath="DataSets/DataSet/TechnicalContacts/TechnicalContact/Address" sequence="TechnicalContact" />
		</route>
		<route>
			<source xPath="Metadata/ContentContact/Person/Name/Name" />
			<destination xPath="DataSets/DataSet/ContentContacts/ContentContact/Name"   sequence="ContentContact" />
		</route>
		<route>
			<source xPath="Metadata/ContentContact/Person/Phone/Phone" />
			<destination xPath="DataSets/DataSet/ContentContacts/ContentContact/Phone" sequence="ContentContact" />
		</route>
		<route>
			<source xPath="Metadata/ContentContact/Person/Email/Email" />
			<destination xPath="DataSets/DataSet/ContentContacts/ContentContact/Email"   sequence="ContentContact" />
		</route>
		<route>
			<source xPath="Metadata/ContentContact/Person/Address/Address" />
			<destination xPath="DataSets/DataSet/ContentContacts/ContentContact/Address"   sequence="ContentContact" />
		</route>
		<route>
			<source xPath="Metadata/Description/Description/Title/Title" />
			<destination xPath="DataSets/DataSet/Metadata/Description/Representation/Title" sequence="Representation" />
		</route>
		<route>
			<source xPath="Metadata/Description/Description/Details/Details" />
			<destination xPath="DataSets/DataSet/Metadata/Description/Representation/Details" sequence="Representation" />
		</route>
		<route>
			<source xPath="Metadata/Description/Description/Coverage/Coverage" />
			<destination xPath="DataSets/DataSet/Metadata/Description/Representation/Coverage" sequence="Representation" />
		</route>
		<route>
			<source xPath="Metadata/Description/Description/URI/URI" />
			<destination xPath="DataSets/DataSet/Metadata/Description/Representation/URI" sequence="Representation" />
		</route>
		<route>
			<source xPath="Metadata/Description/Description/DateModified/RevisionData" />
			<destination xPath="DataSets/DataSet/Metadata/RevisionData/DateModified"   />
		</route>
		<route>
			<source xPath="Metadata/Owner/Owner/FullName/Name" />
			<destination xPath="DataSets/DataSet/Metadata/Owners/Owner/Person/FullName" sequence="Owner" />
		</route>
		<route>
			<source xPath="Metadata/Owner/Owner/SortingName/Name" />
			<destination xPath="DataSets/DataSet/Metadata/Owners/Owner/Person/SortingName" sequence="Owner" />
		</route>
		<route>
			<source xPath="Metadata/Owner/Owner/OrganisationName/Name" />
			<destination xPath="DataSets/DataSet/Metadata/Owners/Owner/Organisation/Name/Representation/Text" sequence="Owner" />
		</route>
		<route>
			<source xPath="Metadata/Unit/Unit/SourceInstitutionID/Id" />
			<destination xPath="DataSets/DataSet/Units/Unit/SourceInstitutionID" sequence="Unit" />
		</route>
		<route>
			<source xPath="Metadata/Unit/Unit/SourceID/Id" />
			<destination xPath="DataSets/DataSet/Units/Unit/SourceID" sequence="Unit" />
		</route>
		<route>
			<source xPath="Metadata/Unit/Unit/UnitID/Id" />
			<destination xPath="DataSets/DataSet/Units/Unit/UnitID" sequence="Unit" />
		</route>
	</routes>
</mapping>
