<publishTo>
	<datarepositories>
		<datarepository>
			<name>Generic</name>
			<metadatastandard></metadatastandard>
			<primarydataformat>text/csv</primarydataformat>
			<server></server>
			<user></user>
			<password></password>
		</datarepository>
		<datarepository>
			<name>GFBIO</name>
			<metadatastandard></metadatastandard>
			<primarydataformat>text/csv</primarydataformat>
			<server>http://gfbio-pub2.inf-bb.uni-jena.de:8080</server>
			<user>broker.agent@gfbio.org</user>
			<password>****</password>
		</datarepository>
		<!--<datarepository>
			<name>GFBIO - environmental data</name>
			<metadatastandard>pansimple</metadatastandard>
			<primarydataformat>text/csv</primarydataformat>
			<server>http://gfbio-pub2.inf-bb.uni-jena.de:8080</server>
			<user>broker.agent@gfbio.org</user>
			<password>****</password>
		</datarepository>
		<datarepository>
			<name>GFBIO - molecular data</name>
			<metadatastandard>????</metadatastandard>
			<primarydataformat>????</primarydataformat>
			<server>http://gfbio-pub2.inf-bb.uni-jena.de:8080</server>
			<user>broker.agent@gfbio.org</user>
			<password>****</password>
		</datarepository>-->
		<!--<datarepository>
			<name>GBIF</name>
			<metadatastandard>eml</metadatastandard>
			<primarydataformat>text/plain</primarydataformat>
			<server></server>
			<user></user>
			<password></password>
		</datarepository> -->
	</datarepositories>
</publishTo>