﻿<hibernate-mapping xmlns="urn:nhibernate-mapping-2.2" assembly="BExIS.Security.Entities" namespace="BExIS.Security.Entities.Requests">
  <class xmlns="urn:nhibernate-mapping-2.2" name="Decision" table="Decisions" dynamic-update="true">

    <id name="Id" type="Int64">
      <generator class="native" />
    </id>

    <version name="VersionNo" type="Int32">
      <column name="VersionNo" />
    </version>

    <property name="Extra" type="System.Xml.XmlDocument, System.Xml, Version=4.0.0.0, Culture=neutral, PublicKeyToken=b77a5c561934e089">
      <column name="Extra" not-null="false" sql-type="xml" />
    </property>

    <property name="DecisionDate" type="DateTime" />
    <many-to-one name="DecisionMaker" column="DecisionMakerRef" class="BExIS.Security.Entities.Subjects.User, BExIS.Security.Entities" />
    <property name="Status" type="BExIS.Security.Entities.Requests.DecisionStatus, BExIS.Security.Entities" />
    <many-to-one name="Request" column="RequestRef" class="BExIS.Security.Entities.Requests.Request, BExIS.Security.Entities" />
  </class>
</hibernate-mapping>