﻿<hibernate-mapping xmlns="urn:nhibernate-mapping-2.2" assembly="BExIS.Security.Entities" namespace="BExIS.Security.Entities.Requests">
  <class xmlns="urn:nhibernate-mapping-2.2" name="Request" table="Requests" abstract="true" dynamic-update="true">

    <id name="Id" type="long" column="Id">
      <generator class="hilo" />
    </id>

    <version name="VersionNo" type="Int32">
      <column name="VersionNo" />
    </version>

    <property name="Extra" type="System.Xml.XmlDocument, System.Xml, Version=4.0.0.0, Culture=neutral, PublicKeyToken=b77a5c561934e089">
      <column name="Extra" not-null="false" sql-type="xml" />
    </property>

    <set name="Decisions" inverse="true" cascade="all-delete-orphan" lazy="true">
      <key column="RequestRef" />
      <one-to-many class="BExIS.Security.Entities.Requests.Decision, BExIS.Security.Entities" />
    </set>
    <property name="RequestDate" type="DateTime" />
    <many-to-one name="Requester" column="RequesterRef" class="BExIS.Security.Entities.Subjects.User, BExIS.Security.Entities" />
    <property name="Status" type="BExIS.Security.Entities.Requests.RequestStatus, BExIS.Security.Entities" />
  </class>
</hibernate-mapping>