﻿<hibernate-mapping xmlns="urn:nhibernate-mapping-2.2" assembly="BExIS.Security.Entities" namespace="BExIS.Security.Entities.Objects">
  <class xmlns="urn:nhibernate-mapping-2.2" name="Feature" table="Features" dynamic-update="true">

    <id name="Id" type="Int64">
      <generator class="native" />
    </id>

    <version name="VersionNo" type="Int32">
      <column name="VersionNo" />
    </version>

    <property name="Extra" type="System.Xml.XmlDocument, System.Xml, Version=4.0.0.0, Culture=neutral, PublicKeyToken=b77a5c561934e089">
      <column name="Extra" not-null="false" sql-type="xml" />
    </property>

    <set name="Children" inverse="true" cascade="save-update" lazy="true">
      <key column="ParentRef" />
      <one-to-many class="BExIS.Security.Entities.Objects.Feature, BExIS.Security.Entities" />
    </set>
    <property name="Description" type="String" />
    <property name="Name" type="String" />
    <many-to-one name="Parent" column="ParentRef" class="BExIS.Security.Entities.Objects.Feature, BExIS.Security.Entities" />
    <set name="Permissions" inverse="true" cascade="save-update" lazy="true">
      <key column="FeatureRef" />
      <one-to-many class="BExIS.Security.Entities.Authorization.FeaturePermission, BExIS.Security.Entities" />
    </set>
    <set name="Workflows" inverse="true" cascade="save-update" lazy="true">
      <key column="FeatureRef" />
      <one-to-many class="BExIS.Security.Entities.Objects.Workflow, BExIS.Security.Entities" />
    </set>
  </class>
</hibernate-mapping>