﻿<hibernate-mapping xmlns="urn:nhibernate-mapping-2.2" assembly="BExIS.Security.Entities" namespace="BExIS.Security.Entities.Objects">
  <class xmlns="urn:nhibernate-mapping-2.2" name="Workflow" table="Workflows" dynamic-update="true">

    <id name="Id" type="Int64">
      <generator class="native" />
    </id>

    <version name="VersionNo" type="Int32">
      <column name="VersionNo" />
    </version>

    <property name="Extra" type="System.Xml.XmlDocument, System.Xml, Version=4.0.0.0, Culture=neutral, PublicKeyToken=b77a5c561934e089">
      <column name="Extra" not-null="false" sql-type="xml" />
    </property>

    <property name="Description" type="String" />
    <property name="Name" type="String" />
    <many-to-one name="Feature" column="FeatureRef" class="BExIS.Security.Entities.Objects.Feature, BExIS.Security.Entities" />
  </class>
</hibernate-mapping>