﻿<?xml version="1.0" encoding="utf-8"?>
<luceneConfig>
  <field display_name="Title" lucene_name="Title" metadata_name="" type="category_field" primitive_type="string" store="yes" multivalued="no" analysed="yes" norm="yes" boost="3" header_item="yes" default_visible_item="yes" />
  <field display_name="Owner Name" lucene_name="Ownername" metadata_name="Metadata/Owner/Owner/FullName/Name,Metadata/general/generalType/owners/ownersType/owner/ownerType" type="category_field" primitive_type="string" store="yes" multivalued="no" analysed="yes" norm="yes" boost="1" header_item="yes" default_visible_item="yes" />
  <field display_name="Contact Name" lucene_name="Contactname" metadata_name="Metadata/general/generalType/owners/ownersType/owner/ownerType,Metadata/general/generalType/owners/ownersType/owner/ownerType" type="category_field" primitive_type="string" store="yes" multivalued="no" analysed="yes" norm="yes" boost="1" header_item="yes" default_visible_item="yes" />
  <field display_name="Dataset Description" lucene_name="Datasetdescription" metadata_name="Metadata/Description/Description/Details/Details,Metadata/methodology/methodologyType/introduction/introductionType" type="category_field" primitive_type="string" store="yes" multivalued="no" analysed="yes" norm="yes" boost="2" header_item="yes" default_visible_item="yes" />
  <field display_name="Dataset Status" lucene_name="Datasetstatus" metadata_name="Metadata/Owner/Owner/SortingName/Name" type="category_field" primitive_type="string" store="yes" multivalued="no" analysed="yes" norm="yes" boost="2" header_item="no" default_visible_item="no" />
  <field display_name="Dataset Quality Level" lucene_name="Datasetqualitylevel" metadata_name="Metadata/Description/Description/Details/Details" type="category_field" primitive_type="string" store="yes" multivalued="no" analysed="yes" norm="yes" boost="2" header_item="no" default_visible_item="no" />
  <field display_name="Taxonomic Term" lucene_name="Taxonomicterm" metadata_name="Metadata/Scope/Scope/TaxonomicTerm/TaxonomicTerm,Metadata/researchObjects/researchObjectsType/taxa/taxaType/taxon/taxonType" type="category_field" primitive_type="string" store="yes" multivalued="no" analysed="yes" norm="yes" boost="2" header_item="yes" default_visible_item="yes" />
  <field display_name="GeoEcological Term" lucene_name="Geoecologicalterm" metadata_name="Metadata/Scope/Scope/GeoEcologicalTerm/GeoEcologicalTerm" type="category_field" primitive_type="string" store="yes" multivalued="no" analysed="yes" norm="yes" boost="2" header_item="no" default_visible_item="no" />
  <field display_name="Ecological Services" lucene_name="Ecologicalservices" metadata_name="Metadata/ResearchObjects/ResearchObjects/Service/Service" type="category_field" primitive_type="string" store="yes" multivalued="no" analysed="yes" norm="yes" boost="2" header_item="yes" default_visible_item="yes" />
  <field display_name="Ecological Processes" lucene_name="Ecologicalprocesses" metadata_name="Metadata/Owner/Owner/OrganisationName/Name" type="category_field" primitive_type="string" store="yes" multivalued="no" analysed="yes" norm="yes" boost="2" header_item="no" default_visible_item="no" />
  <field display_name="Organisation Name" lucene_name="Organisationname" metadata_name="Metadata/Owner/Owner/OrganisationName/Name" type="category_field" primitive_type="string" store="yes" multivalued="no" analysed="yes" norm="yes" boost="2" header_item="yes" default_visible_item="yes" />
  <field display_name="Coverage" lucene_name="Coverage" metadata_name="Metadata/Description/Description/Coverage/Coverage" type="category_field" primitive_type="string" store="yes" multivalued="no" analysed="yes" norm="yes" boost="2" header_item="yes" default_visible_item="yes" />
  <field display_name="Owner Name" lucene_name="Ownername" metadata_name="Metadata/Owner/Owner/FullName/Name,Metadata/general/generalType/owners/ownersType/owner/ownerType" type="facet_field" primitive_type="string" store="yes" multivalued="no" analysed="yes" norm="yes" boost="1" header_item="no" default_visible_item="no" />
  <field display_name="Contact Name" lucene_name="Contactname" metadata_name="Metadata/ContentContact/Person/Name/Name,Metadata/general/generalType/owners/ownersType/owner/ownerType" type="facet_field" primitive_type="string" store="yes" multivalued="no" analysed="yes" norm="yes" boost="1" header_item="no" default_visible_item="no" />
  <field display_name="Taxonomic Term" lucene_name="TaxonomicTerm" metadata_name="Metadata/researchObjects/researchObjectsType/taxa/taxaType/taxon/taxonType" type="facet_field" primitive_type="string" store="yes" multivalued="yes" analysed="yes" norm="yes" boost="1" header_item="no" default_visible_item="no" />
  <field display_name="Taxon" lucene_name="Taxon" metadata_name="Metadata/Scope/Scope/TaxonomicTerm/TaxonomicTerm,Metadata/researchObjects/researchObjectsType/taxa/taxaType/taxon/taxonType" type="property_field" primitive_type="string" store="yes" multivalued="no" analysed="yes" norm="yes" boost="2" header_item="no" default_visible_item="no" direction="increase" uiComponent="list" aggregationType="distinct" date_format="bgc:format" />
</luceneConfig>