﻿<?xml version="1.0" encoding="UTF-8"?>
<metaProfile>
  <general>
    <id>12570</id>
    <versionID source="intern">1.1.1</versionID>
    <lineage source="intern">
      <datasetid source="intern">14131</datasetid>
      <version source="intern">1.0.0</version>
    </lineage>
    <title>Butterflies in grassland 2010</title>
    <language>de</language>
    <owners>
      <owner number="1">Eleonora Petzold</owner>
	  <owner number="2">Andreas Ostrowski</owner>
    </owners>
    <contact>
      <author>Eleonora Petzold</author>
      <projectName>arthropod</projectName>
      <projectLeader>Koenig-Ries</projectLeader>
      <institute>UNI Jena</institute>
      <address>
        <street>Ernst-Abbe Platz 2</street>
        <zipCode>07743</zipCode>
        <city>Jena</city>
      </address>
      <email>eleonora.petzold@uni-jena.de</email>
      <phone>0173/12345678</phone>
    </contact>
  </general>
  <researchObjects>
    <landuse>
      <grassland>yes</grassland>
      <forest>no</forest>
    </landuse>
    <plotLevel>EPG</plotLevel>
    <taxa>
      <taxon number="1">arthropods</taxon>
    </taxa>
    <processes>
      <process number="1">arthropod diversity</process>
    </processes>
    <services>
      <service number="1">biological control</service>
    </services>
  </researchObjects>
  <methodology>
    <introduction input="textarea">Diversity pattern of butterfly communities along a land use intensity gradient.</introduction>
    <measurements>
      <theory input="textarea"></theory>
      <type input="textarea"></type>
    </measurements>
    <equipment>
      <instruments input="textarea">butterfly catcher</instruments>
      <calibration input="textarea">none</calibration>
      <procedures input="textarea">none</procedures>
    </equipment>
  </methodology>
  <description>
    <acronyms>
      <acronymPair number="1">
        <acronym number="1">EPG</acronym>
        <meaning number="1">Experimental Plot Grassland</meaning>
      </acronymPair>
    </acronyms>
    <keywords>
      <keyword number="1">butterfly communities</keyword>
	  
    </keywords>
  </description>
  <time>
    <when>
      <format>M/d/yyyy</format>
      <startDate>10/1/2010</startDate>
      <endDate>11/1/2010</endDate>
    </when>
    <dateEntry>2009-10-01</dateEntry>
    <dateLastModified>2010-01-01</dateLastModified>
  </time>
  <data>
    <fileName source="intern"></fileName>
    <fileType>structuredData</fileType>
    <manipulations input="textarea">none</manipulations>
    <errors>none</errors>
    <qualityLevel>validated</qualityLevel>
    <dataStatus>incomplete</dataStatus>
  </data>
</metaProfile>