﻿<?xml version="1.0" encoding="utf-8" ?>
<search>
  <criteria>
    <projectName></projectName>
    <institute></institute>
    <author></author>
    <taxon></taxon>
    <process></process>
    <service></service>
    <keywords></keywords>
    <plotLevel></plotLevel>
  </criteria>
  <dropdown>
    <all defaultValue="all"></all>
    <projectName defaultValue="all"></projectName>
    <institute defaultValue="all"></institute>
    <author defaultValue="all"></author>
    <taxon defaultValue="all"></taxon>
    <process defaultValue="all"></process>
    <service defaultValue="all"></service>
    <keywords defaultValue="all"></keywords>
    <plotLevel defaultValue="all"></plotLevel>
    <methodology defaultValue="all"></methodology>
  </dropdown>
</search>