﻿<?xml version="1.0" encoding="UTF-8"?>
<bgc:metaProfile xmlns:xsi="http://www.w3.org/2001/XMLSchema-instance" xmlns="http://www.bgc-jena.mpg.de" xmlns:bgc="http://www.bgc-jena.mpg.de" xsi:schemaLocation="http://www.bgc-jena.mpg.de schema.xsd">
  <bgc:general bgc:source="mixed">
    <bgc:id bgc:source="intern">12569</bgc:id>
    <bgc:versionID bgc:source="intern">4.1.0</bgc:versionID>
    <bgc:lineage bgc:source="intern">
      <bgc:datasetid bgc:source="intern">0</bgc:datasetid>
      <bgc:version bgc:source="intern">1.0.0</bgc:version>
    </bgc:lineage>
    <bgc:title>Plotmatrix_123</bgc:title>
    <bgc:language>de</bgc:language>
    <bgc:owners>
      <bgc:owner number="1">Nicole Wäschke</bgc:owner>
      <bgc:owner number="2">Christine Herbst</bgc:owner>
      <bgc:owner number="3">Elisabeth Obermaier</bgc:owner>
      <bgc:owner number="4">Torsten Meiners</bgc:owner>
    </bgc:owners>
    <bgc:notification>
      <bgc:downloadNotification>all owners</bgc:downloadNotification>
    </bgc:notification>
    <bgc:contact>
      <bgc:author>Nicole Wäschke</bgc:author>
      <bgc:projectName>ChemoDiversity</bgc:projectName>
      <bgc:projectLeader>Dr. Torsten Meiners</bgc:projectLeader>
      <bgc:institute>FreeUniverstity of Berlin</bgc:institute>
      <bgc:address>
        <bgc:street>Haderslebener Str.9</bgc:street>
        <bgc:zipCode>12163</bgc:zipCode>
        <bgc:city>Berlin</bgc:city>
      </bgc:address>
      <bgc:email>nicole.waeschke@fu-berlin.de</bgc:email>
      <bgc:url />
      <bgc:phone>030/83853992</bgc:phone>
      <bgc:mobile />
      <bgc:fax />
    </bgc:contact>
  </bgc:general>
  <bgc:researchObjects>
    <bgc:landuse>
      <bgc:grassland>yes</bgc:grassland>
      <bgc:forest>no</bgc:forest>
    </bgc:landuse>
    <bgc:plotLevel>EP</bgc:plotLevel>
    <bgc:taxa>
      <bgc:taxon number="1">vascular plants</bgc:taxon>
      <bgc:taxon number="2">arthropods</bgc:taxon>
    </bgc:taxa>
    <bgc:processes>
      <bgc:process number="1">vegetation complexity</bgc:process>
      <bgc:process number="2">plant diversity</bgc:process>
      <bgc:process number="3">host parasitoid interaction</bgc:process>
    </bgc:processes>
    <bgc:services>
      <bgc:service number="1">none</bgc:service>
    </bgc:services>
  </bgc:researchObjects>
  <bgc:methodology>
    <bgc:introduction input="textarea">Fertilization experiment since 2009. Investigation of Plantago lanceolata, the surrounding vegetation structure and diversity as well as one parasitoid and two snout beetles.</bgc:introduction>
    <bgc:measurements>
      <bgc:theory input="textarea">Fertilization influences plant species diversity, but how do these changes in plant composition affect vegetation structure and upper trophic levels is not known.</bgc:theory>
      <bgc:type input="textarea">Measurement of different plant and vegetation parameters.</bgc:type>
    </bgc:measurements>
    <bgc:equipment>
      <bgc:instruments input="textarea">Radien mit 15 cm und 1m Durchmesser, Aufnahmetafel für die horizontale Deckung der Vegetation, Meterstab zur Messung verschiedener Höhen.</bgc:instruments>
      <bgc:calibration input="textarea">none</bgc:calibration>
      <bgc:procedures input="textarea">Fertilization in spring and autumn 2009 as well as in spring 2010. </bgc:procedures>
    </bgc:equipment>
  </bgc:methodology>
  <bgc:description>
    <bgc:acronyms>
      <bgc:acronymPair number="1">
        <bgc:acronym number="1">HDnumber</bgc:acronym>
        <bgc:meaning number="1">Horizontal deviation in different heigth</bgc:meaning>
      </bgc:acronymPair>
      <bgc:acronymPair number="2">
        <bgc:acronym number="2">K</bgc:acronym>
        <bgc:meaning number="2">none fertilized subplot</bgc:meaning>
      </bgc:acronymPair>
      <bgc:acronymPair number="3">
        <bgc:acronym number="3">GMV</bgc:acronym>
        <bgc:meaning number="3">generalized mean vegetation heigth</bgc:meaning>
      </bgc:acronymPair>
      <bgc:acronymPair number="4">
        <bgc:acronym number="4">VVC</bgc:acronym>
        <bgc:meaning number="4">vertical vegetation cover</bgc:meaning>
      </bgc:acronymPair>
    </bgc:acronyms>
    <bgc:keywords>
      <bgc:keyword number="1">Vegetationsstruktur</bgc:keyword>
    </bgc:keywords>
  </bgc:description>
  <bgc:time>
    <bgc:when timeType="period" xsi:type="bgc:dateFrame">
      <bgc:format>dd.MM.yyyy</bgc:format>
      <bgc:startDate>25.05.2010</bgc:startDate>
      <bgc:endDate>29.06.2010</bgc:endDate>
    </bgc:when>
    <bgc:dateEntry bgc:source="intern">2011-02-02</bgc:dateEntry>
    <bgc:dateLastModified bgc:source="intern">2011-02-02</bgc:dateLastModified>
  </bgc:time>
  <bgc:data>
    <bgc:fileName bgc:source="intern">12569_020211_113329_Matrix_Struktur_Kontrolle_Alb_Hainich_Schorfheide_2010_110201.xls;</bgc:fileName>
    <bgc:fileType>structuredData</bgc:fileType>
    <bgc:manipulations input="textarea">none</bgc:manipulations>
    <bgc:errors>none</bgc:errors>
    <bgc:qualityLevel>processed</bgc:qualityLevel>
    <bgc:dataStatus>incomplete</bgc:dataStatus>
    <bgc:location bgc:source="mixed">
      <bgc:exploratory>
        <bgc:keyExplo>none</bgc:keyExplo>
        <bgc:valueExplo />
      </bgc:exploratory>
      <bgc:plots>
        <bgc:keyPlots>asVariable</bgc:keyPlots>
        <bgc:valuePlots>Plotnummer</bgc:valuePlots>
      </bgc:plots>
      <bgc:srs bgc:source="mixed">
        <bgc:epsg>-</bgc:epsg>
        <bgc:coordinates>
          <bgc:longitude />
          <bgc:latitude />
        </bgc:coordinates>
        <bgc:bbox bgc:source="intern">
          <bgc:ulx />
          <bgc:uly />
          <bgc:lrx />
          <bgc:lry />
        </bgc:bbox>
      </bgc:srs>
    </bgc:location>
    <bgc:dataStructure>
      <bgc:dataFormat>
        <bgc:fileFormat>Excel</bgc:fileFormat>
        <bgc:delimiter />
        <bgc:decimalCharacter>,</bgc:decimalCharacter>
        <bgc:quote />
        <bgc:missingValues>na</bgc:missingValues>
        <bgc:NA />
        <bgc:orientation>columnwise</bgc:orientation>
        <bgc:offset>0</bgc:offset>
        <bgc:header>
          <bgc:variableNames>1</bgc:variableNames>
          <bgc:dataValues>2</bgc:dataValues>
          <bgc:units>0</bgc:units>
          <bgc:annotation>0</bgc:annotation>
          <bgc:metaInformation>0</bgc:metaInformation>
        </bgc:header>
        <bgc:relationKey />
      </bgc:dataFormat>
      <bgc:matrix>
        <bgc:columnName>Plotnummer</bgc:columnName>
        <bgc:columnStartCell>2,1</bgc:columnStartCell>
        <bgc:rowName>Wirtspflanzendichte</bgc:rowName>
        <bgc:rowStartCell>1,5</bgc:rowStartCell>
        <bgc:contentType>integerNumber</bgc:contentType>
        <bgc:matrixUnit>none</bgc:matrixUnit>
        <bgc:values>2,5</bgc:values>
      </bgc:matrix>
      <bgc:variables>
        <bgc:variable number="1">
          <bgc:name number="1">Plotnummer</bgc:name>
          <bgc:typeOfVariable number="1">character(16)</bgc:typeOfVariable>
          <bgc:units number="1">none</bgc:units>
          <bgc:description number="1">Plotnummern aller drei Exploratorien</bgc:description>
          <bgc:block number="1">0</bgc:block>
        </bgc:variable>
        <bgc:variable number="2">
          <bgc:name number="2">Gebiet</bgc:name>
          <bgc:typeOfVariable number="2">character(16)</bgc:typeOfVariable>
          <bgc:units number="2">none</bgc:units>
          <bgc:description number="2">Untersuchungsgebiet</bgc:description>
          <bgc:block number="2">0</bgc:block>
        </bgc:variable>
        <bgc:variable number="3">
          <bgc:name number="3">Landnutzung</bgc:name>
          <bgc:typeOfVariable number="3">character(16)</bgc:typeOfVariable>
          <bgc:units number="3">none</bgc:units>
          <bgc:description number="3">vorgegebene Landnutzung</bgc:description>
          <bgc:block number="3">0</bgc:block>
        </bgc:variable>
        <bgc:variable number="4">
          <bgc:name number="4">Landnutzungskategorie_Wiese1_Maehweide2_Weide3</bgc:name>
          <bgc:typeOfVariable number="4">integerNumber</bgc:typeOfVariable>
          <bgc:units number="4">none</bgc:units>
          <bgc:description number="4">Aufteilung der Landnutzung nach Weide 3, Maehweide 2, Wiese 1</bgc:description>
          <bgc:block number="4">0</bgc:block>
        </bgc:variable>
        <bgc:variable number="5">
          <bgc:name number="5">Wirtspflanzendichte</bgc:name>
          <bgc:typeOfVariable number="5">realNumber</bgc:typeOfVariable>
          <bgc:units number="5">none</bgc:units>
          <bgc:description number="5">Wirtspflanzendichte in Radius 1 Meter um Wirtspflanze</bgc:description>
          <bgc:block number="5">0</bgc:block>
        </bgc:variable>
        <bgc:variable number="6">
          <bgc:name number="6">HD10</bgc:name>
          <bgc:typeOfVariable number="6">realNumber</bgc:typeOfVariable>
          <bgc:units number="6">Prozent</bgc:units>
          <bgc:description number="6">Horizontale Deckung im 10 Zentimeterbereich über dem Boden</bgc:description>
          <bgc:block number="6">0</bgc:block>
        </bgc:variable>
        <bgc:variable number="7">
          <bgc:name number="7">HD20</bgc:name>
          <bgc:typeOfVariable number="7">realNumber</bgc:typeOfVariable>
          <bgc:units number="7">Prozent</bgc:units>
          <bgc:description number="7">Horizontale Deckung im 10-20 Zentimeterbereich über dem Boden</bgc:description>
          <bgc:block number="7">0</bgc:block>
        </bgc:variable>
        <bgc:variable number="8">
          <bgc:name number="8">HD30</bgc:name>
          <bgc:typeOfVariable number="8">realNumber</bgc:typeOfVariable>
          <bgc:units number="8">Prozent</bgc:units>
          <bgc:description number="8" />
          <bgc:block number="8">0</bgc:block>
        </bgc:variable>
        <bgc:variable number="9">
          <bgc:name number="9">HD40</bgc:name>
          <bgc:typeOfVariable number="9">realNumber</bgc:typeOfVariable>
          <bgc:units number="9">Prozent</bgc:units>
          <bgc:description number="9" />
          <bgc:block number="9">0</bgc:block>
        </bgc:variable>
        <bgc:variable number="10">
          <bgc:name number="10">HD50</bgc:name>
          <bgc:typeOfVariable number="10">realNumber</bgc:typeOfVariable>
          <bgc:units number="10">Prozent</bgc:units>
          <bgc:description number="10" />
          <bgc:block number="10">0</bgc:block>
        </bgc:variable>
        <bgc:variable number="11">
          <bgc:name number="11">HD60</bgc:name>
          <bgc:typeOfVariable number="11">realNumber</bgc:typeOfVariable>
          <bgc:units number="11">Prozent</bgc:units>
          <bgc:description number="11" />
          <bgc:block number="11">0</bgc:block>
        </bgc:variable>
        <bgc:variable number="12">
          <bgc:name number="12">HD70</bgc:name>
          <bgc:typeOfVariable number="12">realNumber</bgc:typeOfVariable>
          <bgc:units number="12">Prozent</bgc:units>
          <bgc:description number="12" />
          <bgc:block number="12">0</bgc:block>
        </bgc:variable>
        <bgc:variable number="13">
          <bgc:name number="13">HD80</bgc:name>
          <bgc:typeOfVariable number="13">realNumber</bgc:typeOfVariable>
          <bgc:units number="13">Prozent</bgc:units>
          <bgc:description number="13" />
          <bgc:block number="13">0</bgc:block>
        </bgc:variable>
        <bgc:variable number="14">
          <bgc:name number="14">HD90</bgc:name>
          <bgc:typeOfVariable number="14">realNumber</bgc:typeOfVariable>
          <bgc:units number="14">Prozent</bgc:units>
          <bgc:description number="14" />
          <bgc:block number="14">0</bgc:block>
        </bgc:variable>
        <bgc:variable number="15">
          <bgc:name number="15">HD100</bgc:name>
          <bgc:typeOfVariable number="15">realNumber</bgc:typeOfVariable>
          <bgc:units number="15">Prozent</bgc:units>
          <bgc:description number="15" />
          <bgc:block number="15">0</bgc:block>
        </bgc:variable>
        <bgc:variable number="16">
          <bgc:name number="16">HD110</bgc:name>
          <bgc:typeOfVariable number="16">realNumber</bgc:typeOfVariable>
          <bgc:units number="16">Prozent</bgc:units>
          <bgc:description number="16" />
          <bgc:block number="16">0</bgc:block>
        </bgc:variable>
        <bgc:variable number="17">
          <bgc:name number="17">HD120</bgc:name>
          <bgc:typeOfVariable number="17">realNumber</bgc:typeOfVariable>
          <bgc:units number="17">Prozent</bgc:units>
          <bgc:description number="17" />
          <bgc:block number="17">0</bgc:block>
        </bgc:variable>
        <bgc:variable number="18">
          <bgc:name number="18">HD130</bgc:name>
          <bgc:typeOfVariable number="18">realNumber</bgc:typeOfVariable>
          <bgc:units number="18">Prozent</bgc:units>
          <bgc:description number="18" />
          <bgc:block number="18">0</bgc:block>
        </bgc:variable>
        <bgc:variable number="19">
          <bgc:name number="19">HD140</bgc:name>
          <bgc:typeOfVariable number="19">realNumber</bgc:typeOfVariable>
          <bgc:units number="19">Prozent</bgc:units>
          <bgc:description number="19" />
          <bgc:block number="19">0</bgc:block>
        </bgc:variable>
        <bgc:variable number="20">
          <bgc:name number="20">HD150</bgc:name>
          <bgc:typeOfVariable number="20">realNumber</bgc:typeOfVariable>
          <bgc:units number="20">Prozent</bgc:units>
          <bgc:description number="20" />
          <bgc:block number="20">0</bgc:block>
        </bgc:variable>
        <bgc:variable number="21">
          <bgc:name number="21">HD160</bgc:name>
          <bgc:typeOfVariable number="21">realNumber</bgc:typeOfVariable>
          <bgc:units number="21">Prozent</bgc:units>
          <bgc:description number="21" />
          <bgc:block number="21">0</bgc:block>
        </bgc:variable>
        <bgc:variable number="22">
          <bgc:name number="22">HD171</bgc:name>
          <bgc:typeOfVariable number="22">realNumber</bgc:typeOfVariable>
          <bgc:units number="22">Prozent</bgc:units>
          <bgc:description number="22" />
          <bgc:block number="22">0</bgc:block>
        </bgc:variable>
        <bgc:variable number="23">
          <bgc:name number="23">GMV</bgc:name>
          <bgc:typeOfVariable number="23">realNumber</bgc:typeOfVariable>
          <bgc:units number="23">none</bgc:units>
          <bgc:description number="23" />
          <bgc:block number="23">0</bgc:block>
        </bgc:variable>
        <bgc:variable number="24">
          <bgc:name number="24">max_Vegetationshoehe</bgc:name>
          <bgc:typeOfVariable number="24">realNumber</bgc:typeOfVariable>
          <bgc:units number="24">Zentimeter</bgc:units>
          <bgc:description number="24">maximale Höhe der Vegetation (Gräser oder krautige Pflazen)</bgc:description>
          <bgc:block number="24">0</bgc:block>
        </bgc:variable>
        <bgc:variable number="25">
          <bgc:name number="25">VVC_Grasarten</bgc:name>
          <bgc:typeOfVariable number="25">realNumber</bgc:typeOfVariable>
          <bgc:units number="25">Prozent</bgc:units>
          <bgc:description number="25">Vertikale Vegetationsbedeckung der Gräser innerhalb von 15cm Radius um beprobte Pflanze</bgc:description>
          <bgc:block number="25">0</bgc:block>
        </bgc:variable>
        <bgc:variable number="26">
          <bgc:name number="26">Krautige_Pflanzenarten</bgc:name>
          <bgc:typeOfVariable number="26">realNumber</bgc:typeOfVariable>
          <bgc:units number="26">Prozent</bgc:units>
          <bgc:description number="26">Vertikale Vegetationsbedeckung der krautigen Pflanzen innerhalb von 15cm Radius um beprobte Pflanze</bgc:description>
          <bgc:block number="26">0</bgc:block>
        </bgc:variable>
        <bgc:variable number="27">
          <bgc:name number="27">Wirtspflanze</bgc:name>
          <bgc:typeOfVariable number="27">realNumber</bgc:typeOfVariable>
          <bgc:units number="27">Prozent</bgc:units>
          <bgc:description number="27">Vertikale Vegetationsbedeckung der Wirtspflanze innerhalb von 15cm Radius um beprobte Pflanze</bgc:description>
          <bgc:block number="27">0</bgc:block>
        </bgc:variable>
        <bgc:variable number="28">
          <bgc:name number="28">offener_Boden</bgc:name>
          <bgc:typeOfVariable number="28">realNumber</bgc:typeOfVariable>
          <bgc:units number="28">Prozent</bgc:units>
          <bgc:description number="28">Vertikale Vegetationsbedeckung des offenen Bodens innerhalb von 15cm Radius um beprobte Pflanze</bgc:description>
          <bgc:block number="28">0</bgc:block>
        </bgc:variable>
        <bgc:variable number="29">
          <bgc:name number="29">Staengelanzahl</bgc:name>
          <bgc:typeOfVariable number="29">realNumber</bgc:typeOfVariable>
          <bgc:units number="29">none</bgc:units>
          <bgc:description number="29">Anzahl der Blütenstängel von Plantago</bgc:description>
          <bgc:block number="29">0</bgc:block>
        </bgc:variable>
        <bgc:variable number="30">
          <bgc:name number="30">max_Hoehe_Staengel</bgc:name>
          <bgc:typeOfVariable number="30">realNumber</bgc:typeOfVariable>
          <bgc:units number="30">Zentimeter</bgc:units>
          <bgc:description number="30">maximale Höhe der Plantagostängel</bgc:description>
          <bgc:block number="30">0</bgc:block>
        </bgc:variable>
        <bgc:variable number="31">
          <bgc:name number="31">Durchm_Rosette</bgc:name>
          <bgc:typeOfVariable number="31">realNumber</bgc:typeOfVariable>
          <bgc:units number="31">Zentimeter</bgc:units>
          <bgc:description number="31">Durchmesser der Plantagorosette</bgc:description>
          <bgc:block number="31">0</bgc:block>
        </bgc:variable>
        <bgc:variable number="32">
          <bgc:name number="32">voll_entwickelte_Blaetter</bgc:name>
          <bgc:typeOfVariable number="32">realNumber</bgc:typeOfVariable>
          <bgc:units number="32">none</bgc:units>
          <bgc:description number="32">Anzahl der voll entwickelten Blätter von Plantago</bgc:description>
          <bgc:block number="32">0</bgc:block>
        </bgc:variable>
        <bgc:variable number="33">
          <bgc:name number="33">average_length_of_two_longest_leaves</bgc:name>
          <bgc:typeOfVariable number="33">realNumber</bgc:typeOfVariable>
          <bgc:units number="33">Zentimeter</bgc:units>
          <bgc:description number="33">Durchschnittslänge der beiden längsten Plantagoblätter</bgc:description>
          <bgc:block number="33">0</bgc:block>
        </bgc:variable>
        <bgc:variable number="34">
          <bgc:name number="34">above_ground_biomass</bgc:name>
          <bgc:typeOfVariable number="34">realNumber</bgc:typeOfVariable>
          <bgc:units number="34">none</bgc:units>
          <bgc:description number="34">Oberirdische Biomasse von Plantago</bgc:description>
          <bgc:block number="34">0</bgc:block>
        </bgc:variable>
        <bgc:variable number="35">
          <bgc:name number="35">Pflanzenarten_gesamt</bgc:name>
          <bgc:typeOfVariable number="35">integerNumber</bgc:typeOfVariable>
          <bgc:units number="35">none</bgc:units>
          <bgc:description number="35">Pflanzenartenzahl auf beiden Subplots</bgc:description>
          <bgc:block number="35">0</bgc:block>
        </bgc:variable>
        <bgc:variable number="36">
          <bgc:name number="36">Pflanzenarten_K</bgc:name>
          <bgc:typeOfVariable number="36">integerNumber</bgc:typeOfVariable>
          <bgc:units number="36">none</bgc:units>
          <bgc:description number="36">Pflanzenartenzahl in der Kontrolle</bgc:description>
          <bgc:block number="36">0</bgc:block>
        </bgc:variable>
        <bgc:variable number="37">
          <bgc:name number="37">Abundanz_Mecinus_labilis</bgc:name>
          <bgc:typeOfVariable number="37">realNumber</bgc:typeOfVariable>
          <bgc:units number="37">none</bgc:units>
          <bgc:description number="37">Käferabundanz</bgc:description>
          <bgc:block number="37">0</bgc:block>
        </bgc:variable>
        <bgc:variable number="38">
          <bgc:name number="38">Abundanz_Mecinus_pascuorum</bgc:name>
          <bgc:typeOfVariable number="38">realNumber</bgc:typeOfVariable>
          <bgc:units number="38">none</bgc:units>
          <bgc:description number="38">Käferabundanz</bgc:description>
          <bgc:block number="38">0</bgc:block>
        </bgc:variable>
        <bgc:variable number="39">
          <bgc:name number="39">Abundanz_Mesopolobus_incultus</bgc:name>
          <bgc:typeOfVariable number="39">realNumber</bgc:typeOfVariable>
          <bgc:units number="39">none</bgc:units>
          <bgc:description number="39">Parasitoidabundanz</bgc:description>
          <bgc:block number="39">0</bgc:block>
        </bgc:variable>
        <bgc:variable number="40">
          <bgc:name number="40">Inzidenz_Mecinus_labilis</bgc:name>
          <bgc:typeOfVariable number="40">integerNumber</bgc:typeOfVariable>
          <bgc:units number="40">none</bgc:units>
          <bgc:description number="40">Käferartvorkommen</bgc:description>
          <bgc:block number="40">0</bgc:block>
        </bgc:variable>
        <bgc:variable number="41">
          <bgc:name number="41">Inzidenz_Mecinus_pascuorum</bgc:name>
          <bgc:typeOfVariable number="41">integerNumber</bgc:typeOfVariable>
          <bgc:units number="41">none</bgc:units>
          <bgc:description number="41">Käferartvorkommen</bgc:description>
          <bgc:block number="41">0</bgc:block>
        </bgc:variable>
        <bgc:variable number="42">
          <bgc:name number="42">Inzidenz_Mesopolobus_incultus</bgc:name>
          <bgc:typeOfVariable number="42">integerNumber</bgc:typeOfVariable>
          <bgc:units number="42">none</bgc:units>
          <bgc:description number="42">Parasitoidvorkommen</bgc:description>
          <bgc:block number="42">0</bgc:block>
        </bgc:variable>
      </bgc:variables>
      <bgc:blockNames>
        <bgc:blockName number="1">Block0</bgc:blockName>
      </bgc:blockNames>
    </bgc:dataStructure>
  </bgc:data>
  <bgc:references>
    <bgc:database />
    <bgc:papers>
      <bgc:paper number="1" />
    </bgc:papers>
  </bgc:references>
  <bgc:comment />
</bgc:metaProfile>