﻿<?xml version="1.0" encoding="UTF-8"?>
<metaProfile>
  <general>
    <id>20002</id>
    <versionID source="intern">1.1.0</versionID>
    <lineage source="intern">
      <datasetid source="intern">20002</datasetid>
      <version source="intern">1.0.0</version>
    </lineage>
    <title>tree data - dbh</title>
    <language>en</language>
    <owners>
      <owner number="1">Karl Ranseier</owner>
    </owners>
    <contact>
      <author>Karl Ranseier</author>
      <projectName>FOREST</projectName>
      <projectLeader>Jakob Maria Mierscheid</projectLeader>
      <institute>FSU Jena</institute>
      <address>
        <street>Feldweg 1</street>
        <zipCode>07007</zipCode>
        <city>Jena</city>
      </address>
      <email>karl@uni-jena.de</email>
      <phone>03641</phone>
    </contact>
  </general>
  <researchObjects>
    <landuse>
      <grassland>no</grassland>
      <forest>yes</forest>
    </landuse>
    <plotLevel>Main</plotLevel>
    <taxa>
      <taxon number="1">fagus</taxon>
      <taxon number="2">quercus</taxon>
      <taxon number="3">acer</taxon>
      <taxon number="4">nothofagus</taxon>
      <taxon number="5">fraxinus</taxon>
	  <taxon number="6">prunus</taxon>
    </taxa>
    <processes>
      <process number="1">primary producer abundance</process>
      <process number="2">co2 storage</process>
    </processes>
    <services>
      <service number="1">wood production</service>
      <service number="2">climate regulation</service>
    </services>
  </researchObjects>
  <methodology>
    <introduction input="textarea"></introduction>
    <measurements>
      <theory input="textarea">Need for base data.</theory>
      <type input="textarea">Measurement of different plant and vegetation parameters.</type>
    </measurements>
    <equipment>
      <instruments input="textarea">measuring tape, kluppe, increment-borer</instruments>
      <calibration input="textarea">none</calibration>
      <procedures input="textarea">Went to field and measured.</procedures>
    </equipment>
  </methodology>
  <description>
    <acronyms>
      <acronymPair number="1">
        <acronym number="1"></acronym>
        <meaning number="1"></meaning>
      </acronymPair>
    </acronyms>
    <keywords>
      <keyword number="1">trees</keyword>
    </keywords>
  </description>
  <time>
    <when>
      <format>d.M.yyyy</format>
      <startDate>1.1.2010</startDate>
      <endDate>12.3.2011</endDate>
    </when>
    <dateEntry>2011-10-01</dateEntry>
    <dateLastModified>2011-11-01</dateLastModified>
  </time>
  <data>
    <fileName source="intern">20001-tree-data-measurements-2.xls;</fileName>
    <fileType>structuredData</fileType>
    <manipulations input="textarea">none</manipulations>
    <errors>none</errors>
    <qualityLevel>raw</qualityLevel>
    <dataStatus>complete</dataStatus>
  </data>
</metaProfile>