﻿<?xml version="1.0" encoding="UTF-8"?>
<metaProfile>
  <general>
    <id>12570</id>
    <versionID source="intern">1.1.1</versionID>
    <lineage source="intern">
      <datasetid source="intern">10130</datasetid>
      <version source="intern">1.0.0</version>
    </lineage>
    <title>Pflanzen Kommunikations Tests </title>
    <language>de</language>
    <owners>
      <owner number="1">Eleonora Petzold</owner>
    </owners>
    <contact>
      <author>Eleonora Petzold</author>
      <projectName>Botany</projectName>
      <projectLeader>Eleonora Petzolds Mama</projectLeader>
      <institute>UNI Jena</institute>
      <address>
        <street>Haderslebener Str.9</street>
        <zipCode>12163</zipCode>
        <city>Berlin</city>
      </address>
      <email>svenThiel.uni-jena.de</email>
      <phone>030/83853992</phone>
    </contact>
  </general>
  <researchObjects>
    <landuse>
      <grassland>no</grassland>
      <forest>yes</forest>
    </landuse>
    <plotLevel>EP4</plotLevel>
    <taxa>
      <taxon number="1">algae</taxon>
    </taxa>
    <processes>
      <process number="1">plant diversity</process>
    </processes>
    <services>
      <service number="1">water supply</service>
      <service number="2">plant-fungal symbioses</service>
    </services>
  </researchObjects>
  <methodology>
    <introduction input="textarea"></introduction>
    <measurements>
      <theory input="textarea">Measurement of counted vocabularies, spoken by the plants</theory>
      <type input="textarea">Measurement of counted vocabularies, spoken by the plants</type>
    </measurements>
    <equipment>
      <instruments input="textarea">Smile</instruments>
      <calibration input="textarea">none</calibration>
      <procedures input="textarea">none</procedures>
    </equipment>
  </methodology>
  <description>
    <acronyms>
      <acronymPair number="1">
        <acronym number="1"></acronym>
        <meaning number="1"></meaning>
      </acronymPair>
    </acronyms>
    <keywords>
      <keyword number="1">Planzusius</keyword>
    </keywords>
  </description>
  <time>
    <when>
      <format>d/M/yyyy</format>
      <startDate>1/1/2008</startDate>
      <endDate>1/1/2009</endDate>
    </when>
    <dateEntry>2009-10-01</dateEntry>
    <dateLastModified>2010-01-01</dateLastModified>
  </time>
  <data>
    <fileName source="intern">12569_020211_113329_Matrix_Struktur_Kontrolle_Alb_Hainich_Schorfheide_2010_110201.xls;</fileName>
    <fileType>documents</fileType>
    <manipulations input="textarea">none</manipulations>
    <errors>none</errors>
    <qualityLevel>validated</qualityLevel>
    <dataStatus>incomplete</dataStatus>
  </data>
</metaProfile>