﻿<?xml version="1.0" encoding="UTF-8"?>
<metaProfile>
  <general>
    <id>12570</id>
    <versionID source="intern">1.1.1</versionID>
    <lineage source="intern">
      <datasetid source="intern">10123</datasetid>
      <version source="intern">1.0.0</version>
    </lineage>
    <title>ACTIFLAG Elefanten Flugversuch 1</title>
    <language>de</language>
    <owners>
      <owner number="1">Sven Thiel</owner>
    </owners>
    <contact>
      <author>Sven Thiel</author>
      <projectName>ACTIFLAG</projectName>
      <projectLeader>Jens Krumpe</projectLeader>
      <institute>FSU Jena</institute>
      <address>
        <street>Haderslebener Str.9</street>
        <zipCode>12163</zipCode>
        <city>Berlin</city>
      </address>
      <email>svenThiel.uni-jena.de</email>
      <phone>030/83853992</phone>
    </contact>
  </general>
  <researchObjects>
    <landuse>
      <grassland>no</grassland>
      <forest>yes</forest>
    </landuse>
    <plotLevel>EP3</plotLevel>
    <taxa>
      <taxon number="1">bryophytes</taxon>
      <taxon number="2">lichens</taxon>
      <taxon number="3">elefant</taxon>
      <taxon number="3">schnabeltier</taxon>
      <taxon number="3">oribatida</taxon>
    </taxa>
    <processes>
      <process number="1">nutrient concentration in plants</process>
      <process number="2">nutrient los</process>
      <process number="3">nutrient availability</process>
    </processes>
    <services>
      <service number="1">erosion control</service>
      <service number="2">gas regulation</service>
    </services>
  </researchObjects>
  <methodology>
    <introduction input="textarea"></introduction>
    <measurements>
      <theory input="textarea">Fertilization influences plant species diversity, but how do these changes in plant composition affect vegetation structure and upper trophic levels is not known.</theory>
      <type input="textarea">Measurement of different plant and vegetation parameters.</type>
    </measurements>
    <equipment>
      <instruments input="textarea">Radien mit 15 cm und 1m Durchmesser, Aufnahmetafel für die horizontale Deckung der Vegetation, Meterstab zur Messung verschiedener Höhen.</instruments>
      <calibration input="textarea">none</calibration>
      <procedures input="textarea">Fertilization in spring and autumn 2009 as well as in spring 2010. </procedures>
    </equipment>
  </methodology>
  <description>
    <acronyms>
      <acronymPair number="1">
        <acronym number="1"></acronym>
        <meaning number="1"></meaning>
      </acronymPair>
    </acronyms>
    <keywords>
      <keyword number="1">VÖGEL MESSUNG</keyword>
    </keywords>
  </description>
  <time>
    <when>
      <format>d/M/yyyy</format>
      <startDate>10/5/2010</startDate>
      <endDate>12/6/2011</endDate>
    </when>
    <dateEntry>2011-10-01</dateEntry>
    <dateLastModified>2011-11-01</dateLastModified>
  </time>
  <data>
    <fileName source="intern">12569_020211_113329_Matrix_Struktur_Kontrolle_Alb_Hainich_Schorfheide_2010_110201.xls;</fileName>
    <fileType>unstructuredData</fileType>
    <manipulations input="textarea">none</manipulations>
    <errors>none</errors>
    <qualityLevel>processed</qualityLevel>
    <dataStatus>incomplete</dataStatus>
  </data>
</metaProfile>