﻿<?xml version="1.0" encoding="utf-8" ?>
<properties>
  <property id="1" displayTitle="Data Status" dataSourceKey="dataStatus" uiComponent="list" defaultValue="all"
            aggregationType="distinct" dataType="string" direction="increase" ></property>
  <property id="2" displayTitle="File Type" dataSourceKey="fileType" uiComponent="list" defaultValue="all"
          aggregationType="distinct" dataType="string" direction="increase" ></property>
  <property id="3" displayTitle="Quality Level" dataSourceKey="qualityLevel" uiComponent="list" defaultValue="all"
            aggregationType="distinct" dataType="string" direction="increase" ></property>
  <property id="4" displayTitle="Grassland" dataSourceKey="grassland" uiComponent="item" defaultValue="all"
            aggregationType="distinct" dataType="string" direction="increase" ></property>
  <property id="5" displayTitle="Forest" dataSourceKey="forest" uiComponent="item" defaultValue="all"
            aggregationType="distinct" dataType="string" direction="increase" ></property>
  
  <property id="6" displayTitle="Project Startdate" dataSourceKey="startDate" uiComponent="range" defaultValue=""
            aggregationType="union" dataType="date" direction="increase" ></property>
  <property id="7" displayTitle="Project Enddate" dataSourceKey="endDate" uiComponent="range" defaultValue=""
            aggregationType="distinct" dataType="date" direction="decrease" ></property>
</properties>