﻿<?xml version="1.0" encoding="utf-8"?>
<luceneConfig>
  <field display_name="Title" lucene_name="Title" metadata_name="Metadata/Description/Description/Title/Title,Metadata/Description/DescriptionEML/Title/Title" type="category_field" primitive_type="string" store="yes" multivalued="no" analysed="yes" norm="yes" boost="3" header_item="yes" default_visible_item="yes" />
  <field display_name="Owner Name" lucene_name="Ownername" metadata_name="Metadata/Owner/Owner/FullName/Name" type="category_field" primitive_type="string" store="yes" multivalued="no" analysed="yes" norm="yes" boost="1" header_item="yes" default_visible_item="yes" />
  <field display_name="Contact Name" lucene_name="Contactname" metadata_name="Metadata/ContentContact/Person/Name/Name" type="category_field" primitive_type="string" store="yes" multivalued="no" analysed="yes" norm="yes" boost="1" header_item="yes" default_visible_item="no" />
  <field display_name="Dataset Description" lucene_name="Datasetdescription" metadata_name="Metadata/Description/Description/Details/Details,Metadata/Description/DescriptionEML/AdditionalInformation/Information" type="category_field" primitive_type="string" store="yes" multivalued="no" analysed="yes" norm="yes" boost="2" header_item="yes" default_visible_item="yes" />
  <field display_name="Dataset Status" lucene_name="Datasetstatus" metadata_name="Metadata/DataDescription/DataDescription/DataStatus/DataStatus" type="category_field" primitive_type="string" store="yes" multivalued="no" analysed="yes" norm="yes" boost="2" header_item="yes" default_visible_item="no" />
  <field display_name="Dataset Quality Level" lucene_name="Datasetqualitylevel" metadata_name="Metadata/DataDescription/DataDescription/QualityLevel/QualityLevel" type="category_field" primitive_type="string" store="yes" multivalued="no" analysed="yes" norm="yes" boost="2" header_item="yes" default_visible_item="no" />
  <field display_name="Taxonomic Term" lucene_name="Taxonomicterm" metadata_name="Metadata/Scope/Scope/TaxonomicTerm/TaxonomicTerm" type="category_field" primitive_type="string" store="yes" multivalued="no" analysed="yes" norm="yes" boost="2" header_item="yes" default_visible_item="no" />
  <field display_name="GeoEcological Term" lucene_name="Geoecologicalterm" metadata_name="Metadata/Scope/Scope/GeoEcologicalTerm/GeoEcologicalTerm" type="category_field" primitive_type="string" store="yes" multivalued="no" analysed="yes" norm="yes" boost="2" header_item="yes" default_visible_item="no" />
  <field display_name="Organisation Name" lucene_name="Organisationname" metadata_name="Metadata/Owner/Owner/OrganisationName/Name" type="category_field" primitive_type="string" store="yes" multivalued="no" analysed="yes" norm="yes" boost="2" header_item="yes" default_visible_item="no" />
  <field display_name="Last Revision Date" lucene_name="Lastrevisiondate" metadata_name="Metadata/Description/Description/DateModified/RevisionData" type="category_field" primitive_type="date" store="yes" multivalued="no" analysed="yes" norm="yes" boost="2" header_item="yes" default_visible_item="yes" />
  <field display_name="Owner Name" lucene_name="Ownername" metadata_name="Metadata/Owner/Owner/FullName/Name" type="facet_field" primitive_type="string" store="yes" multivalued="no" analysed="yes" norm="yes" boost="1" header_item="no" default_visible_item="no" />
  <field display_name="Contact Name" lucene_name="Contactname2" metadata_name="Metadata/ContentContact/Person/Name/Name" type="facet_field" primitive_type="string" store="yes" multivalued="no" analysed="yes" norm="yes" boost="1" header_item="no" default_visible_item="no" />
  <field display_name="Taxonomic Term" lucene_name="TaxonomicTerm2" metadata_name="Metadata/Scope/Scope/TaxonomicTerm/TaxonomicTerm" type="facet_field" primitive_type="string" store="yes" multivalued="yes" analysed="yes" norm="yes" boost="1" header_item="no" default_visible_item="no" />
  <field display_name="Taxon" lucene_name="Taxon" metadata_name="Metadata/Scope/Scope/TaxonomicTerm/TaxonomicTerm" type="property_field" primitive_type="string" store="yes" multivalued="no" analysed="yes" norm="yes" boost="2" header_item="no" default_visible_item="no" direction="increase" uiComponent="list" aggregationType="distinct" date_format="bgc:format" />
</luceneConfig>