﻿<units>
		<length>
			<unit 
				name="Centimeter" 
				abbrevation="cm" 
				description="A length unit which is equal to one hundredth of a meter or 10^[-2] m." 
				dimension="Length"
				dimensionSpecification="L(1,0)M(0,0)T(0,0)I(0,0)Θ(0,0)N(0,0)J(0,0)"
				mesurementSystem="Metric"
				associatedDataTypes="Number,Decimal"/>
			<unit 
				name="Meter" 
				abbrevation="m" 
				description="A length unit which is equal to the length of the path traveled by light in vacuum during a time interval of 1/299 792 458 of a second." 
				dimension="Length" 
				dimensionSpecification="L(1,0)M(0,0)T(0,0)I(0,0)Θ(0,0)N(0,0)J(0,0)"
				mesurementSystem="Metric"
				associatedDataTypes="Number,Decimal"/>
			<unit 
				name="Millimeter"
				abbrevation="mm" 
				description="A length unit which is equal to one thousandth of a meter or 10^[-3] m." 
				dimension="Length"
				dimensionSpecification="L(1,0)M(0,0)T(0,0)I(0,0)Θ(0,0)N(0,0)J(0,0)"				
				mesurementSystem="Metric"
				associatedDataTypes="Number,Decimal"/>
		</length>
		<mass>
			<unit 
				name="Gram" 
				abbrevation="g" 
				description="A mass unit which is equal to one thousandth of a kilogram or 10^[-3] kg." 
				dimension="Mass" 
				dimensionSpecification="L(0,0)M(1,0)T(0,0)I(0,0)Θ(0,0)N(0,0)J(0,0)"
				mesurementSystem="Metric"
				associatedDataTypes="Number,Decimal"/>
			<unit 
				name="Kilogram" 
				abbrevation="kg" 
				description="A mass unit which is equal to the mass of the International Prototype Kilogram kept by the BIPM at Svres, France." 
				dimension="Mass" 
				dimensionSpecification="L(0,0)M(1,0)T(0,0)I(0,0)Θ(0,0)N(0,0)J(0,0)"
				mesurementSystem="Metric"
				associatedDataTypes="Number,Decimal"/>
			<unit 
				name="Milligram" 
				abbrevation="mg" 
				description="A mass unit which is equal to one thousandth of a gram or 10^[-3] g" 
				dimension="Mass" 
				dimensionSpecification="L(0,0)M(1,0)T(0,0)I(0,0)Θ(0,0)N(0,0)J(0,0)"
				mesurementSystem="Metric"
				associatedDataTypes="Number,Decimal"/>
		</mass>
		<time>
			<unit 
				name="Day" 
				abbrevation="day" 
				description="A time unit which is equal to 24 hours." 
				dimension="Time" 
				dimensionSpecification="L(0,0)M(0,0)T(1,0)I(0,0)Θ(0,0)N(0,0)J(0,0)"
				mesurementSystem="Metric"
				associatedDataTypes="Number"/>
			<unit 
				name="Hour" 
				abbrevation="hr" 
				description="A time unit which is equal to 3600 seconds or 60 minutes." 
				dimension="Time" 
				dimensionSpecification="L(0,0)M(0,0)T(1,0)I(0,0)Θ(0,0)N(0,0)J(0,0)"
				mesurementSystem="Metric"
				associatedDataTypes="Number"/>
			<unit 
				name="Minute" 
				abbrevation="min" 
				description="A time unit which is equal to 60 seconds."
				dimension="Time" 
				dimensionSpecification="L(0,0)M(0,0)T(1,0)I(0,0)Θ(0,0)N(0,0)J(0,0)"
				mesurementSystem="Metric"
				associatedDataTypes="Number"/>
			<unit 
				name="Month" 
				abbrevation="mo" 
				description="A time unit which is approximately equal to the length of time of one of cycle of the moon's phases which is science is taken to be equal to 30 days."
				dimension="Time" 
				dimensionSpecification="L(0,0)M(0,0)T(1,0)I(0,0)Θ(0,0)N(0,0)J(0,0)"
				mesurementSystem="Metric"
				associatedDataTypes="Number"/>
			<unit 
				name="Second" 
				abbrevation="sec" 
				description="A time unit which is equal to the duration of 9 192 631 770 periods of the radiation corresponding to the transition between the two hyperfine levels of the ground state of the caesium 133 atom."
				dimension="Time" 
				dimensionSpecification="L(0,0)M(0,0)T(1,0)I(0,0)Θ(0,0)N(0,0)J(0,0)"
				mesurementSystem="Metric"
				associatedDataTypes="Number"/>
			<unit 
				name="Week" 
				abbrevation="wk" 
				description="A time unit which is equal to 7 days."
				dimension="Time" 
				dimensionSpecification="L(0,0)M(0,0)T(1,0)I(0,0)Θ(0,0)N(0,0)J(0,0)"
				mesurementSystem="Metric"
				associatedDataTypes="Number"/>
			<unit 
				name="Year" 
				abbrevation="yr" 
				description="A time unit which is equal to 12 months which is science is taken to be equal to 365.25 days. "
				dimension="Time" 
				dimensionSpecification="L(0,0)M(0,0)T(1,0)I(0,0)Θ(0,0)N(0,0)J(0,0)"
				mesurementSystem="Metric"
				associatedDataTypes="Number"/>
		</time>
		<areaDensity>
			<unit 
				name="Kilogram per square meter" 
				abbrevation="kg/m^[2]" 
				description="An area density unit which is equal to the mass of an object in kilograms divided by the surface area in meters squared." 
				dimension="Area Density" 
				dimensionSpecification="L(0,2)M(1,0)T(0,0)I(0,0)Θ(0,0)N(0,0)J(0,0)"
				mesurementSystem="Area density"
				associatedDataTypes="Number,Decimal"/>
		</areaDensity>
		<count>
			<unit 
				name="Event count" 
				abbrevation="eventcount" 
				description="A dimensionless count unit which denotes the number of occurrences of an event." 
				dimension="Count" 
				dimensionSpecification="L(0,0)M(0,0)T(0,0)I(0,0)Θ(0,0)N(1,0)J(0,0)"
				mesurementSystem="Metric"
				associatedDataTypes="Number"/>
		</count>
		<ratio>
			<unit 
				name="Fraction" 
				abbrevation="fraction" 
				description="A dimensionless ratio unit which relates the part (the numerator) to the whole (the denominator)." 
				dimension="Ratio" 
				dimensionSpecification="L(0,0)M(0,0)T(0,0)I(0,0)Θ(0,0)N(0,0)J(0,0)"
				mesurementSystem="Metric"
				associatedDataTypes="Number,Decimal"/>
			<unit 
				name="Decibel" 
				abbrevation="dB" 
				description="The decibel (dB) is a logarithmic unit of measurement that expresses the magnitude of a physical quantity (usually power or intensity) relative to a specified or implied reference level. Since it expresses a ratio of two quantities with the same unit, it is a dimensionless unit. A decibel is one tenth of a bel, a seldom-used unit." 
				dimension="Ratio"
				dimensionSpecification="L(0,0)M(0,0)T(0,0)I(0,0)Θ(0,0)N(0,0)J(0,0)"
				mesurementSystem="Metric"
				associatedDataTypes="Number,Decimal"/>
			<unit 
				name="Percent" 
				abbrevation="%" 
				description="A dimensionless ratio unit which denotes numbers as fractions of 100." 
				dimension="Ratio"
				dimensionSpecification="L(0,0)M(0,0)T(0,0)I(0,0)Θ(0,0)N(0,0)J(0,0)"
				mesurementSystem="Metric"
				associatedDataTypes="Number,Decimal"/>
			<unit 
				name="Scale" 
				abbrevation="scale" 
				description="A dimensionless ratio unit which relates the part (the numerator) to a specified, fixed whole (the denominator). E.g. in a map, a scale of 1:10,000 may mean something like 1 centimeter on the map is equivalent to 100 meters on the ground." 
				dimension="Ratio"
				dimensionSpecification="L(0,0)M(0,0)T(0,0)I(0,0)Θ(0,0)N(0,0)J(0,0)"
				mesurementSystem="Metric"
				associatedDataTypes="Number,Decimal"/>
		</ratio>
		<frequency>
			<unit 
				name="Hertz" 
				abbrevation="Hz" 
				description="A frequency unit which is equal to 1 complete cycle of a recurring phenomenon in 1 second." 
				dimension="Frequency"
				dimensionSpecification="L(0,0)M(0,0)T(0,1)I(0,0)Θ(0,0)N(1,0)J(0,0)"
				mesurementSystem="Metric"
				associatedDataTypes="Number,Decimal"/>
		</frequency>
		<eventFrequency>
			<unit 
				name="Events per day" 
				abbrevation="eventPerDay" 
				description="Number of events occurring in 1 day." 
				dimension="Event Frequency"
				dimensionSpecification="L(0,0)M(0,0)T(0,1)I(0,0)Θ(0,0)N(1,0)J(0,0)"
				mesurementSystem="Metric"
				associatedDataTypes="Number"/>
			<unit 
				name="Events per hour" 
				abbrevation="eventPerHour" 
				description="Number of events occurring in 1 hour." 
				dimension="Event Frequency"
				dimensionSpecification="L(0,0)M(0,0)T(0,1)I(0,0)Θ(0,0)N(1,0)J(0,0)"
				mesurementSystem="Metric"
				associatedDataTypes="Number"/>
			<unit 
				name="Events per minute" 
				abbrevation="eventPerMinute" 
				description="Number of events occurring in 1 minute." 
				dimension="Event Frequency"
				dimensionSpecification="L(0,0)M(0,0)T(0,1)I(0,0)Θ(0,0)N(1,0)J(0,0)"
				mesurementSystem="Metric"
				associatedDataTypes="Number"/>
			<unit 
				name="Events per month" 
				abbrevation="eventPerMonth" 
				description="Number of events occurring in 1 month." 
				dimension="Event Frequency"
				dimensionSpecification="L(0,0)M(0,0)T(0,1)I(0,0)Θ(0,0)N(1,0)J(0,0)"
				mesurementSystem="Metric"
				associatedDataTypes="Number"/>
			<unit 
				name="Events per second" 
				abbrevation="eventPerSecond" 
				description="Number of events occurring in 1 second." 
				dimension="Event Frequency"
				dimensionSpecification="L(0,0)M(0,0)T(0,1)I(0,0)Θ(0,0)N(1,0)J(0,0)"
				mesurementSystem="Metric"
				associatedDataTypes="Number"/>
			<unit 
				name="Events per week" 
				abbrevation="eventPerWeek" 
				description="Number of events occurring in 1 week." 
				dimension="Event Frequency"
				dimensionSpecification="L(0,0)M(0,0)T(0,1)I(0,0)Θ(0,0)N(1,0)J(0,0)"
				mesurementSystem="Metric"
				associatedDataTypes="Number"/>
			<unit 
				name="Events per year" 
				abbrevation="eventPerYear" 
				description="Number of events occurring in 1 year." 
				dimension="Event Frequency"
				dimensionSpecification="L(0,0)M(0,0)T(0,1)I(0,0)Θ(0,0)N(1,0)J(0,0)"
				mesurementSystem="Metric"
				associatedDataTypes="Number"/>
		</eventFrequency>
		<pressure>
			<unit 
				name="Pascal" 
				abbrevation="Pa" 
				description="A pressure unit which is equal to the pressure or stress on a surface caused by a force of 1 newton spread over a surface of 1 m^[2]." 
				dimension="Pressure"
				dimensionSpecification="L(0,1)M(1,0)T(0,2)I(0,0)Θ(0,0)N(0,0)J(0,0)"
				mesurementSystem="Metric"
				associatedDataTypes="Number,Decimal"/>
		</pressure>
		<volumeFlow>
			<unit 
				name="Liter per minute" 
				abbrevation="l/m" 
				description="" 
				dimension="Volume flow"
				dimensionSpecification="L(3,0)M(0,0)T(0,1)I(0,0)Θ(0,0)N(0,0)J(0,0)"
				mesurementSystem="Metric"
				associatedDataTypes="Number,Decimal"/>
		</volumeFlow>
		<volume>
			<unit 
				name="Cubic meter" 
				abbrevation="m^[3]" 
				description="A volume unit which is equal to the volume of a cube with edges one meter in length. One cubic meter equals to 1000 liters." 
				dimension="Volume"
				dimensionSpecification="L(3,0)M(0,0)T(0,0)I(0,0)Θ(0,0)N(0,0)J(0,0)"
				mesurementSystem="Metric"
				associatedDataTypes="Number,Decimal"/>
			<unit 
				name="Liter" 
				abbrevation="L" 
				description="A volume unit which is equal to one thousandth of a cubic meter or 10^[-3] m^[3], or to 1 decimeter." 
				dimension="Volume"
				dimensionSpecification="L(3,0)M(0,0)T(0,0)I(0,0)Θ(0,0)N(0,0)J(0,0)"
				mesurementSystem="Metric"
				associatedDataTypes="Number,Decimal"/>
		</volume>
</units>


<!-- DimensionSpecification="L(0,0)M(0,0)T(0,0)I(0,0)Θ(0,0)N(0,0)J(0,0)" Lenght, Mass, Time, Number-->
<!-- http://bioportal.bioontology.org/ontologies/UNITSONT -->
<!-- http://bioportal.bioontology.org/ontologies/UNITSONT/?p=classes&conceptid=http%3A%2F%2Fmimi.case.edu%2Fontologies%2F2009%2F1%2FUnitsOntology%23fraction -->