﻿<?xml version="1.0" encoding="utf-8" ?>
<hibernate-configuration xmlns="urn:nhibernate-configuration-2.2">

  <session-factory name="NHibernate.DB2">
      <property name="connection.provider">NHibernate.Connection.DriverConnectionProvider</property>
      <property name="connection.driver_class">NHibernate.Driver.DB2Driver</property>
      <property name="dialect">NHibernate.Dialect.DB2Dialect</property>
      <property name='adonet.batch_size'>100</property>
      <property name="default_schema">Standard</property>
      
      <property name="show_sql">true</property>
      <property name="format_sql">true</property>
      <property name="generate_statistics">false</property>
  </session-factory>

</hibernate-configuration>
