﻿<?xml version="1.0" encoding="utf-8" ?>
<hibernate-configuration xmlns="urn:nhibernate-configuration-2.2">

  <session-factory name="NHibernate.MsSqlServer">
      <property name="connection.provider">NHibernate.Connection.DriverConnectionProvider</property>
      <property name="connection.driver_class">NHibernate.Driver.SqlClientDriver</property>
      <property name="dialect">NHibernate.Dialect.MsSql2008Dialect</property>
      <property name="connection.connection_string">
        Server=(local);
        Initial Catalog=BExIS;
        Integrated Security=True;
      </property>
    <property name="show_sql">True</property>
    <property name="format_sql">True</property>
    </session-factory>
  
</hibernate-configuration>
