<hibernate-mapping xmlns="urn:nhibernate-mapping-2.2" assembly="BExIS.Dlm.Entities" namespace="BExIS.Dlm.Entities.Data">
  <class xmlns="urn:nhibernate-mapping-2.2" name="ContentDescriptor" table="ContentDescriptors">
    <!-- Mapping BaseEntity properties -->
    
    <id name="Id" type="Int64">
      <column name="Id" index="idx_ContentDescriptors_id"/>
      <generator class="native" />
    </id>

    <version name="VersionNo" type="Int32">
      <column name="VersionNo" />
    </version>

    <property name="Extra" type="System.Xml.XmlDocument, System.Xml, Version=4.0.0.0, Culture=neutral, PublicKeyToken=b77a5c561934e089">
      <column name="Extra" not-null="false" sql-type="xml" />
    </property>

    <!-- Mapping own properties -->
    
    <property name="OrderNo" type="Int32">
      <column name="OrderNo" />
    </property>

    <property name="MimeType" type="String">
      <column name="MimeType" />
    </property>

    <property name="Name" type="String">
      <column name="Name" index="idx_ContentDescriptors_id"/>
    </property>

    <property name="URI" type="String">
      <column name="URI" />
    </property>

    <many-to-one class="DatasetVersion" name="DatasetVersion" column="DatasetVersionRef" not-null="true">      
    </many-to-one>      
    
  </class>

</hibernate-mapping>