<hibernate-mapping xmlns="urn:nhibernate-mapping-2.2" assembly="BExIS.Dlm.Entities" namespace="BExIS.Dlm.Entities.Data">
  <class xmlns="urn:nhibernate-mapping-2.2" name="DataTupleVersion" table="DataTupleVersions">
    <!-- Mapping BaseEntity properties -->

    <id name="Id" type="Int64">
      <column name="Id" index="idx_DataTupleVersions_id"/>
      <generator class="native" />
    </id>

    <version name="VersionNo" type="Int32">
      <column name="VersionNo" />
    </version>

    <property name="Extra" type="System.Xml.XmlDocument, System.Xml, Version=4.0.0.0, Culture=neutral, PublicKeyToken=b77a5c561934e089">
      <column name="Extra" not-null="false" sql-type="xml" />
    </property>

    <!-- Mapping DataTuple properties -->

    <property name="OrderNo" type="Int32">
      <column name="OrderNo" />
    </property>

    <property name="TupleAction" type="BExIS.Dlm.Entities.Data.TupleAction, BExIS.Dlm.Entities">
      <column name="TupleAction" />
    </property>

    <property name="Timestamp" type="Timestamp">
      <column name="Timestamp"  index="idx_DataTupleVersions_timestamp"/>
    </property>

    <property name="XmlVariableValues" type="System.Xml.XmlDocument, System.Xml, Version=4.0.0.0, Culture=neutral, PublicKeyToken=b77a5c561934e089">
      <column name="XmlVariableValues" not-null="false" sql-type="xml" />
    </property>

    <property name="XmlAmendments" type="System.Xml.XmlDocument, System.Xml, Version=4.0.0.0, Culture=neutral, PublicKeyToken=b77a5c561934e089">
      <column name="XmlAmendments" not-null="false" sql-type="xml" />
    </property>

    <many-to-one class="DataTuple" name="OriginalTuple" column="OriginalTupleRef">
    </many-to-one>

    <many-to-one class="DatasetVersion" name="DatasetVersion" column="DatasetVersionRef">
    </many-to-one>

    <many-to-one class="DatasetVersion" name="ActingDatasetVersion" column="ActingDatasetVersionRef">
    </many-to-one>

  </class>

</hibernate-mapping>