<!--
<?xml version="1.0" encoding="utf-8" ? >
<!DOCTYPE hibernate-mapping [ <!ENTITY BaseEntityProperties SYSTEM "..\BaseEntityProperties.xml"> ]>
-->
  
<hibernate-mapping xmlns="urn:nhibernate-mapping-2.2" assembly="BExIS.Dlm.Entities" namespace="BExIS.Dlm.Entities.Data">
  <class xmlns="urn:nhibernate-mapping-2.2" name="DatasetVersion" table="DatasetVersions">
    <!-- Mapping BaseEntity properties -->
    <id name="Id" type="Int64">
      <column name="Id" index="idx_DatasetVersions_id"/>
      <generator class="native" />
    </id>

    <!--&BaseEntityProperties;-->

    <version name="VersionNo" type="Int32">
      <column name="VersionNo" />
    </version>
    
    <property name="Extra" type="System.Xml.XmlDocument, System.Xml, Version=4.0.0.0, Culture=neutral, PublicKeyToken=b77a5c561934e089">
      <column name="Extra" not-null="false" sql-type="xml" />
    </property>

    <!-- Mapping BusinessEntity properties -->

    <component name="StateInfo">
      <property name="State" type="string">
        <column name="State" />
      </property>
      <property name="Timestamp" type="DateTime">
        <column name="StateTimestamp" not-null="false"/>
      </property>
      <property name="Comment" type="string">
        <column name="StateComment" />
      </property>
    </component>

    <component name="CreationInfo" >
      <property name="ActionType" type="Vaiona.Entities.Common.AuditActionType, Vaiona.Entities">
        <column name="C_ActionType" />
      </property>
      <property name="Performer" type="string">
        <column name="C_Performer" />
      </property>
      <property name="Comment" type="string">
        <column name="C_Comment" />
      </property>
      <property name="Timestamp" type="DateTime">
        <column name="C_Timestamp" not-null="false"/>
      </property>
    </component>

    <component name="ModificationInfo" >
      <property name="ActionType" type="Vaiona.Entities.Common.AuditActionType, Vaiona.Entities">
        <column name="M_ActionType" />
      </property>
      <property name="Performer" type="string">
        <column name="M_Performer" />
      </property>
      <property name="Comment" type="string">
        <column name="M_Comment" />
      </property>
      <property name="Timestamp" type="DateTime">
        <column name="M_Timestamp" not-null="false"/>
      </property>
    </component>
    
    <!-- Mapping Dataset properties -->

    <property name="ChangeDescription" type="string">
      <column name="ChangeDescription" />
    </property>

    <property name="Timestamp" type="Timestamp">
      <column name="Timestamp"  index="idx_DatasetVersions_timestamp"/>
    </property>

    <property name="Status" type="BExIS.Dlm.Entities.Data.DatasetVersionStatus, BExIS.Dlm.Entities">
      <column name="Status" index="idx_DatasetVersions_status" />
    </property>

    <property name="Metadata" type="System.Xml.XmlDocument, System.Xml, Version=4.0.0.0, Culture=neutral, PublicKeyToken=b77a5c561934e089">
      <column name="Metadata" not-null="false" sql-type="xml" />
    </property>
    
    <property name="XmlExtendedPropertyValues" type="System.Xml.XmlDocument, System.Xml, Version=4.0.0.0, Culture=neutral, PublicKeyToken=b77a5c561934e089">
      <column name="XmlExtendedPropertyValues" not-null="false" sql-type="xml" />
    </property>

    <!-- Mapping entity associations -->
    <many-to-one name="Dataset" class="BExIS.Dlm.Entities.Data.Dataset" not-null="true" column="DatasetRef"/>
    
    <set cascade="all-delete-orphan" name="PriliminaryTuples" inverse="true" lazy="true" order-by="OrderNo">
      <key>
        <column name="DatasetVersionRef" />
      </key>
      <one-to-many class="DataTuple" />
    </set>

    <set name="ContentDescriptors" inverse="true" lazy="true" order-by="OrderNo" cascade="all-delete-orphan">
      <key>
        <column name="DatasetVersionRef" />
      </key>
      <one-to-many class="ContentDescriptor" />
    </set>

  </class>

</hibernate-mapping>