<hibernate-mapping xmlns="urn:nhibernate-mapping-2.2" assembly="BExIS.Dlm.Entities" namespace="BExIS.Dlm.Entities.Party">
  <class xmlns="urn:nhibernate-mapping-2.2" name="PartyStatus" table="PartyStatuses">
    <!-- Mapping BaseEntity properties -->

    <id name = "Id" type="Int64">
      <column name = "Id" />
      <generator class="native" />
    </id>

    <version name = "VersionNo" type="Int32">
      <column name = "VersionNo" />
    </version >

    <property name="Extra" type="System.Xml.XmlDocument, System.Xml, Version=4.0.0.0, Culture=neutral, PublicKeyToken=b77a5c561934e089">
      <column name = "Extra" not-null="false" sql-type="xml" />
    </property>

    <!-- Mapping DataTuple properties -->
    <property name="Timestamp" type="DateTime" >
      <column name="Timestamp"  />
    </property>

    <property name="Description" type="String" >
      <column name="Description"  />
    </property>

    <property name="ChangeLog" type="System.Xml.XmlDocument, System.Xml, Version=4.0.0.0, Culture=neutral, PublicKeyToken=b77a5c561934e089" >
      <column name="ChangeLog" sql-type="xml"   />
    </property>

    <many-to-one name="StatusType" class="BExIS.Dlm.Entities.Party.PartyStatusType" not-null="true" column="PartyStatusTypeRef" />

    <many-to-one name="Party" class="BExIS.Dlm.Entities.Party.Party" not-null="true" column="PartyRef" />

  </class>
</hibernate-mapping>