<hibernate-mapping xmlns="urn:nhibernate-mapping-2.2" assembly="BExIS.Dlm.Entities" namespace="BExIS.Dlm.Entities.Party">
  <class xmlns="urn:nhibernate-mapping-2.2" name="PartyCustomAttribute" table="PartyCustomAttributes">
    <!-- Mapping BaseEntity properties -->

    <id name = "Id" type="Int64">
      <column name = "Id" />
      <generator class="native" />
    </id>

    <version name = "VersionNo" type="Int32">
      <column name = "VersionNo" />
    </version >

    <property name="Extra" type="System.Xml.XmlDocument, System.Xml, Version=4.0.0.0, Culture=neutral, PublicKeyToken=b77a5c561934e089">
      <column name = "Extra" not-null="false" sql-type="xml" />
    </property>

    <!-- Mapping DataTuple properties -->
    <property name="Name" type="String" >
      <column name="Name"  />
    </property>

    <property name="Description" type="String" >
      <column name="Description"  />
    </property>

    <property name="ValidValues" type="String" >
      <column name="ValidValues"  />
    </property>
    
    <property name="IsValueOptional" type="yes_no" >
      <column name="IsValueOptional"  />
    </property>

    <property name="DisplayOrder" type="int" >
      <column name="DisplayOrder"  />
    </property>

    <property name="DataType" type="String" >
      <column name="DataType"  />
    </property>

    <many-to-one name="PartyType" class="BExIS.Dlm.Entities.Party.PartyType" not-null="true" column="PartyTypeRef"/>

    <set name="CustomAttributeValues" table="PartyCustomAttributeValues" lazy="true" inverse="true">
      <key column="CustomAttributeRef"/>
      <one-to-many class="PartyCustomAttributeValue"/>
    </set>

  </class>
</hibernate-mapping>