<hibernate-mapping xmlns="urn:nhibernate-mapping-2.2" assembly="BExIS.Dlm.Entities" namespace="BExIS.Dlm.Entities.Party">
  <class xmlns="urn:nhibernate-mapping-2.2" name="PartyRelationshipType" table="PartyRelationshipTypes">
    <!-- Mapping BaseEntity properties -->

    <id name = "Id" type="Int64">
      <column name = "Id" />
      <generator class="native" />
    </id>

    <version name = "VersionNo" type="Int32">
      <column name = "VersionNo" />
    </version >

    <property name="Extra" type="System.Xml.XmlDocument, System.Xml, Version=4.0.0.0, Culture=neutral, PublicKeyToken=b77a5c561934e089">
      <column name = "Extra" not-null="false" sql-type="xml" />
    </property>

    <!-- Mapping DataTuple properties -->
    <property name="Title" type="String" >
      <column name="Title"  />
    </property>

    <property name="Description" type="String" >
      <column name="Description"  />
    </property>

    <property name="IndicatesHierarchy" type="yes_no" >
      <column name="IndicatesHierarchy"  />
    </property>

    <property name="MinCardinality" type="int" >
      <column name="MinCardinality"  />
    </property>

    <property name="MaxCardinality" type="int" >
      <column name="MaxCardinality"  />
    </property>

    <set name="AssociatedPairs" table="PartyTypePairs" lazy="true">
      <key column="PartyRelationshipTypeRef"/>
      <one-to-many class="PartyTypePair"/>
    </set>

    <set name="PartyRelationships" table="PartyRelationships" lazy="true">
      <key column="PartyRelationshipTypeRef"/>
      <one-to-many class="PartyRelationship"/>
    </set>

  </class>
</hibernate-mapping>