<hibernate-mapping xmlns="urn:nhibernate-mapping-2.2" assembly="BExIS.Dlm.Entities" namespace="BExIS.Dlm.Entities.Party">
  <class xmlns="urn:nhibernate-mapping-2.2" name="PartyRelationship" table="PartyRelationships">
    <!-- Mapping BaseEntity properties -->

    <id name = "Id" type="Int64">
      <column name = "Id" />
      <generator class="native" />
    </id>

    <version name = "VersionNo" type="Int32">
      <column name = "VersionNo" />
    </version >

    <property name="Extra" type="System.Xml.XmlDocument, System.Xml, Version=4.0.0.0, Culture=neutral, PublicKeyToken=b77a5c561934e089">
      <column name = "Extra" not-null="false" sql-type="xml" />
    </property>

    <!-- Mapping DataTuple properties -->
    <property name="Title" type="String" >
      <column name="Title"  />
    </property>

    <property name="Description" type="String" >
      <column name="Description"  />
    </property>

    <property name="StartDate" type="DateTime" >
      <column name="StartDate"  />
    </property>

    <property name="EndDate" type="DateTime" >
      <column name="EndDate"  />
    </property>

    <property name="Scope" type="String" >
      <column name="Scope"  />
    </property>

    <many-to-one name="PartyRelationshipType" class="BExIS.Dlm.Entities.Party.PartyRelationshipType"  not-null="true" column="PartyRelationshipTypeRef"/>

    <many-to-one name="FirstParty" class="BExIS.Dlm.Entities.Party.Party"  not-null="true" column="FirstPartyRef"/>

    <many-to-one name="SecondParty" class="BExIS.Dlm.Entities.Party.Party" not-null="true" column="SecondPartyRef"/>

  </class>
</hibernate-mapping>