<hibernate-mapping xmlns="urn:nhibernate-mapping-2.2" assembly="BExIS.Dlm.Entities" namespace="BExIS.Dlm.Entities.Party">
  <class xmlns="urn:nhibernate-mapping-2.2" name="PartyType" table="PartyTypes">
    <!-- Mapping BaseEntity properties -->

    <id name = "Id" type="Int64">
      <column name = "Id" />
      <generator class="native" />
    </id>

    <version name = "VersionNo" type="Int32">
      <column name = "VersionNo" />
    </version >

    <property name="Extra" type="System.Xml.XmlDocument, System.Xml, Version=4.0.0.0, Culture=neutral, PublicKeyToken=b77a5c561934e089">
      <column name = "Extra" not-null="false" sql-type="xml" />
    </property>

    <!-- Mapping DataTuple properties -->
    <property name="Title" type="String" >
      <column name="Title"  />
    </property>

    <property name="Description" type="String" >
      <column name="Description"  />
    </property>

    <set name="Parties" table="Parties" lazy="true" >
      <key column="PartyTypeRef"/>
      <one-to-many class="Party"/>
    </set>

    <set name="CustomAttributes" table="PartyCustomAttributes" lazy="true">
      <key column="PartyTypeRef"/>
      <one-to-many class="PartyCustomAttribute"/>
    </set>

    <set name="StatusTypes" table="PartyStatusTypes" lazy="true"  cascade="all" inverse="true">
      <key column="PartyTypeRef"/>
      <one-to-many class="PartyStatusType"/>
    </set>
  </class>
</hibernate-mapping>