<hibernate-mapping xmlns="urn:nhibernate-mapping-2.2" assembly="BExIS.Dlm.Entities" namespace="BExIS.Dlm.Entities.Party">
  <class xmlns="urn:nhibernate-mapping-2.2" name="PartyStatusType" table="PartyStatusTypes">
    <!-- Mapping BaseEntity properties -->

    <id name = "Id" type="Int64">
      <column name = "Id" />
      <generator class="native" />
    </id>

    <version name = "VersionNo" type="Int32">
      <column name = "VersionNo" />
    </version >

    <property name="Extra" type="System.Xml.XmlDocument, System.Xml, Version=4.0.0.0, Culture=neutral, PublicKeyToken=b77a5c561934e089">
      <column name = "Extra" not-null="false" sql-type="xml" />
    </property>

    <!-- Mapping DataTuple properties -->
    <property name="Name" type="String" >
      <column name="Name"  />
    </property>

    <property name="Description" type="String" >
      <column name="Description"  />
    </property>

    <property name="DisplayOrder" type="int" >
      <column name="DisplayOrder"  />
    </property>
    
    <many-to-one name="PartyType" class="BExIS.Dlm.Entities.Party.PartyType" not-null="true" column="PartyTypeRef"/>
    
    <set name="Statuses" table="PartyStatuses" lazy="true" >
      <key column="PartyStatusTypeRef"/>
      <one-to-many class="PartyStatus"/>
    </set>
    
  </class>
</hibernate-mapping>