<?xml version="1.0" encoding="utf-8" ?>
<Tenant id="idiv" useFallback="true">
	<ShortName>iDiv</ShortName>
	<Title>Integrative Biodiversity Research Data Management System</Title>
	<Description>German Centre for Integrative Biodiversity Research (iDiv)</Description>
	<Logo>idiv.jpg</Logo>
	<FavIcon>idiv.ico</FavIcon>
	<Theme>iDiv_Blue</Theme>
	<LandingPage>/</LandingPage> <!-- a relative path to an action inside the app-->
	<MatchingRules> <!--of form: scheme://host:port all optional, all regex-->
		<MatchingRule>(http:\/\/)?localhost:63530</MatchingRule>
		<MatchingRule>(http:\/\/)?bx2test.inf-bb.uni-jena.de:2017</MatchingRule>
	</MatchingRules>
	<AllowedFileExtensions>csv,xml,xsl,xsls,jpg,mk4,mp3</AllowedFileExtensions> <!-- comma separated, no spaces -->
	<ExtendedMenus>
		<ExtendedMenu id="x1" label="X" url="www.bexis.uni-jena.de" target="blank"> <!--tenant IDs override the default ones, if any -->
			<ExtendedMenu id="x11" label="X1.1" url="www.pangea.de" target="blank"/>
			<ExtendedMenu id="x12" label="X1.2" url="fusion.cs.uni-jena.de" target="current"/>
		</ExtendedMenu>
	</ExtendedMenus>
	<DBConnectionString></DBConnectionString>
</Tenant>
