<hibernate-mapping xmlns="urn:nhibernate-mapping-2.2" assembly="Vaiona.Entities" namespace="Vaiona.Entities.Logging">
  <class xmlns="urn:nhibernate-mapping-2.2" name="LogEntry" table="LogEntries" dynamic-update="true">

    <!-- Mapping BaseEntity properties -->
    <id name="Id" type="Int64">
      <column name="Id" />
      <generator class="native" />
    </id>

    <discriminator column="Discriminator" type="String" length="10"/>

    <version name="VersionNo" type="Int32">
      <column name="VersionNo" />
    </version>


    <!-- Mapping BusinessEntity properties -->


    <!-- Mapping Entity properties -->

    <property name="UTCDate" type="DateTime">
      <column name="UTCDate" />
    </property>

    <property name="CultureId" type="String">
      <column name="CultureId" />
    </property>

    <property name="UserId" type="String">
      <column name="UserId" />
    </property>

    <property name="RequestURL" type="String">
      <column name="RequestURL" />
    </property>

    <property name="Environemt" type="String" length="1000">
      <column name="Environemt"  sql-type="varchar(1000)"/>
    </property>

    <property name="LogType" type="Vaiona.Entities.Logging.LogType, Vaiona.Entities">
      <column name="LogType" />
    </property>

    <property name="Desription" type="String">
      <column name="Desription" />
    </property>

    <property name="ExtraInfo" type="String">
      <column name="ExtraInfo" />
    </property>

    <property name="AssemblyName" type="String">
      <column name="AssemblyName" />
    </property>

    <property name="AssemblyVersion" type="String">
      <column name="AssemblyVersion" />
    </property>

    <property name="ClassName" type="String">
      <column name="ClassName" />
    </property>

    <property name="MethodName" type="String">
      <column name="MethodName" />
    </property>

  </class>

</hibernate-mapping>