<hibernate-mapping xmlns="urn:nhibernate-mapping-2.2" assembly="Vaiona.Entities" namespace="Vaiona.Entities.Logging">
  <subclass name="MethodLogEntry" extends="LogEntry" discriminator-value="Method" dynamic-update="true">
    <!-- Mapping BaseEntity properties -->


    <!-- Mapping Entity properties -->
    <property name="Parameters" type="String">
      <column name="Parameters" />
    </property>

    <property name="ParameterValues" type="String">
      <column name="ParameterValues" />
    </property>

    <property name="ReturnType" type="String">
      <column name="ReturnType" />
    </property>

    <property name="ReturnValue" type="String">
      <column name="ReturnValue" />
    </property>

    <property name="ProcessingTime" type="Int64">
      <column name="ProcessingTime" />
    </property>

  </subclass>

</hibernate-mapping>