<hibernate-mapping xmlns="urn:nhibernate-mapping-2.2" assembly="BExIS.Dlm.Entities" namespace="BExIS.Dlm.Entities.DataStructure">
  <class xmlns="urn:nhibernate-mapping-2.2" name="AggregateFunction" table="AggregateFunctions" dynamic-update="true">
    <!-- Mapping BaseEntity properties -->
    
    <id name="Id" type="Int64">
      <column name="Id" index="idx_AggregateFunctions_id" />
      <generator class="native" />
    </id>

    <version name="VersionNo" type="Int32">
      <column name="VersionNo" />
    </version>

    <property name="Extra" type="System.Xml.XmlDocument, System.Xml, Version=4.0.0.0, Culture=neutral, PublicKeyToken=b77a5c561934e089">
      <column name="Extra" not-null="false" sql-type="xml" />
    </property>

    <!-- Mapping entity properties -->
    
    <property name="Name" type="String">
      <column name="Name"  index="idx_AggregateFunctions_name"/>
    </property>

    <property name="Description" type="String">
      <column name="Description" />
    </property>

    <set name="DataContainers" table="DataContainers_AggregateFunctions" lazy="true">
      <key column="AggregateFunctionRef"/>
      <many-to-many column="DataContainerRef" class="DataContainer"/>
    </set>

  </class>

</hibernate-mapping>