<hibernate-mapping xmlns="urn:nhibernate-mapping-2.2" assembly="BExIS.Dlm.Entities" namespace="BExIS.Dlm.Entities.DataStructure">
  <class xmlns="urn:nhibernate-mapping-2.2" name="Classifier" table="Classifiers" dynamic-update="true">
    <!-- Mapping BaseEntity properties -->
    
    <id name="Id" type="Int64">
      <column name="Id" index="idx_Clissifiers_id"/>
      <generator class="native" />
    </id>

    <version name="VersionNo" type="Int32">
      <column name="VersionNo" />
    </version>

    <property name="Extra" type="System.Xml.XmlDocument, System.Xml, Version=4.0.0.0, Culture=neutral, PublicKeyToken=b77a5c561934e089">
      <column name="Extra" not-null="false" sql-type="xml" />
    </property>

    <!-- Mapping Entity properties -->
    
    <property name="Name" type="String" length="50" not-null="true" unique="true">
      <column name="Name" index="idx_Clissifiers_name"/>
    </property>

    <many-to-one name="Parent" class="Classifier" not-null="false" column="ParentRef"/>

    <set name="Children" cascade="all-delete-orphan" inverse="true">
      <key column="ParentRef" not-null="false" foreign-key="fk_Classifier_ParentClassifier"/>
      <one-to-many class="Classifier"/>
    </set>

  </class>

</hibernate-mapping>