<hibernate-mapping xmlns="urn:nhibernate-mapping-2.2" assembly="BExIS.Dlm.Entities" namespace="BExIS.Dlm.Entities.DataStructure">
  <subclass name="ComparisonConstraint" extends="Constraint" discriminator-value="CMP" dynamic-update="true">
    <!-- Mapping BaseEntity properties -->
    

    <!-- Mapping Entity properties -->
    
    <property name="Operator" type="BExIS.Dlm.Entities.DataStructure.ComparisonOperator, BExIS.Dlm.Entities">
      <column name="Operator" />
    </property>

    <property name="TargetType" type="BExIS.Dlm.Entities.DataStructure.ComparisonTargetType, BExIS.Dlm.Entities">
      <column name="TargetType" />
    </property>

    <property name="Target" type="String">
      <column name="Target" />
    </property>

    <property name="OffsetType" type="BExIS.Dlm.Entities.DataStructure.ComparisonOffsetType, BExIS.Dlm.Entities">
      <column name="OffsetType" />
    </property>

    <property name="OffsetValue" type="Double">
      <column name="OffsetValue" />
    </property>
  
  </subclass>

</hibernate-mapping>