<hibernate-mapping xmlns="urn:nhibernate-mapping-2.2" assembly="BExIS.Dlm.Entities" namespace="BExIS.Dlm.Entities.DataStructure">
  <class xmlns="urn:nhibernate-mapping-2.2" name="Constraint" table="Constraints" dynamic-update="true">
    <!-- Mapping BaseEntity properties -->
    
    <id name="Id" type="Int64">
      <column name="Id" index="idx_Constraints_id"/>
      <generator class="native" />
    </id>

    <!--This is the master mapping for a Table per hierarchy mapping. children are DefaultValueConstraint, ValidatorConstraint and DomainValueConstraint-->
    <discriminator column="Discriminator" type="String" length="3"/>
    
    <version name="VersionNo" type="Int32">
      <column name="VersionNo" />
    </version>

    <property name="Extra" type="System.Xml.XmlDocument, System.Xml, Version=4.0.0.0, Culture=neutral, PublicKeyToken=b77a5c561934e089">
      <column name="Extra" not-null="false" sql-type="xml" />
    </property>

    <!-- Mapping DataTuple properties -->
    
    <property name="ConstraintSelectionPredicate" type="String">
      <column name="ConstraintSelectionPredicate" />
    </property>

    <property name="Provider" type="BExIS.Dlm.Entities.DataStructure.ConstraintProviderSource, BExIS.Dlm.Entities">
      <column name="Provider" />
    </property>

    <property name="CultureId" type="String">
      <column name="CultureId" />
    </property>

    <property name="Description" type="String">
      <column name="Description" />
    </property>

    <property name="Negated" type="yes_no">
      <column name="Negated" />
    </property>

    <property name="Context" type="String">
      <column name="Context" />
    </property>

    <property name="MessageTemplate" type="String">
      <column name="MessageTemplate" />
    </property>

    <property name="NegatedMessageTemplate" type="String">
      <column name="NegatedMessageTemplate" />
    </property>

    <many-to-one name="DataContainer" class="DataContainer" not-null="true" column="DataContainerRef"/>
    <!--Intentionally commented; Two FK to two different entities that make them null-able! also I am not sure whether they are really needed. 22.02.12 Javad-->
    <!--<many-to-one name="ExtendedPropery" class="ExtendedPropery" not-null="false" column="ExtendedProperyRef"/>-->
    
  </class>

</hibernate-mapping>