<hibernate-mapping xmlns="urn:nhibernate-mapping-2.2" assembly="BExIS.Dlm.Entities" namespace="BExIS.Dlm.Entities.DataStructure">
  <class xmlns="urn:nhibernate-mapping-2.2" name="ConversionMethod" table="ConversionMethods" dynamic-update="true">
    <!-- Mapping BaseEntity properties -->
    
    <id name="Id" type="Int64">
      <column name="Id"  index="idx_ConversionMethods_id"/>
      <generator class="native" />
    </id>

    <version name="VersionNo" type="Int32">
      <column name="VersionNo" />
    </version>

    <property name="Extra" type="System.Xml.XmlDocument, System.Xml, Version=4.0.0.0, Culture=neutral, PublicKeyToken=b77a5c561934e089">
      <column name="Extra" not-null="false" sql-type="xml" />
    </property>

    <!-- Mapping DataTuple properties -->
    
    <property name="Description" type="String">
      <column name="Description" />
    </property>

    <property name="Formula" type="String">
      <column name="Formula" />
    </property>

    <many-to-one name="Source" class="Unit" not-null="false" column="SourceUnitRef" cascade="none" fetch="join" />
    
    <many-to-one name="Target" class="Unit" not-null="false" column="TargetUnitRef" cascade="none" fetch="join" />
    
  </class>

</hibernate-mapping>