<hibernate-mapping xmlns="urn:nhibernate-mapping-2.2" assembly="BExIS.Dlm.Entities" namespace="BExIS.Dlm.Entities.DataStructure">
  <class xmlns="urn:nhibernate-mapping-2.2" name="DataView" table="DataViews" dynamic-update="true">
    <!-- Mapping BaseEntity properties -->
    
    <id name="Id" type="Int64">
      <column name="Id" index="idx_DataViews_id" />
      <generator class="native" />
    </id>

    <!--This is the master mapping for a Table per hierarchy mapping. children are DefaultValueConstraint, ValidatorConstraint and DomainValueConstraint-->
    <discriminator column="ConstraintType" type="String" length="3"/>
    
    <version name="VersionNo" type="Int32">
      <column name="VersionNo" />
    </version>

    <property name="Extra" type="System.Xml.XmlDocument, System.Xml, Version=4.0.0.0, Culture=neutral, PublicKeyToken=b77a5c561934e089">
      <column name="Extra" not-null="false" sql-type="xml" />
    </property>

    <!-- Mapping entity properties -->
    
    <property name="Name" type="String">
      <column name="Name" index="idx_DataViews_name" />
    </property>

    <property name="ContentSelectionCriterion" type="String">
      <column name="ContentSelectionCriterion" />
    </property>

    <property name="ContainerSelectionCriterion" type="String">
      <column name="ContainerSelectionCriterion" />
    </property>

    <!-- Mapping associations -->
    <many-to-one name="Dataset" class="BExIS.Dlm.Entities.Data.Dataset" not-null="false" column="DatasetRef"/> <!-- nullable as it is also associated with the DataStructure -->

    <set name="DataStructures" table="DataStructures_Views" lazy="true">
      <key column="ViewRef"/>
      <many-to-many column="DataStructureRef" class="DataStructure"/>
    </set>

  </class>

</hibernate-mapping>