<hibernate-mapping xmlns="urn:nhibernate-mapping-2.2" assembly="BExIS.Dlm.Entities" namespace="BExIS.Dlm.Entities.DataStructure">
  <subclass name="StructuredDataStructure" extends="DataStructure" discriminator-value="STR" dynamic-update="true">

    <property name="IndexerType" type="BExIS.Dlm.Entities.DataStructure.DataStructureCategory, BExIS.Dlm.Entities">
      <column name="IndexerType" />
    </property>

    <many-to-one name="Indexer" class="Variable" not-null="false" column="IndexerRef"/>
    

    <set name="Variables" inverse="true">
      <key column="DataStructureRef" not-null="false"/>
      <one-to-many class="Variable"/>
    </set>

    <property name="TemplatePaths" type="System.Xml.XmlDocument, System.Xml, Version=4.0.0.0, Culture=neutral, PublicKeyToken=b77a5c561934e089">
      <column name="XmlTemplatePaths" not-null="false" sql-type="xml" />
    </property>
    
  </subclass>
  
</hibernate-mapping>