<hibernate-mapping xmlns="urn:nhibernate-mapping-2.2" assembly="BExIS.Dlm.Entities" namespace="BExIS.Dlm.Entities.DataStructure">
  <subclass name="DataAttribute" extends="DataContainer" discriminator-value="DA" dynamic-update="true">

    <many-to-one name="Classification" class="Classifier" not-null="false" column="ClassifierRef"/>
    
    <set name="UsagesAsParameter" inverse="true" cascade="all-delete-orphan">
      <key column="DataAttributeRef" not-null="false"/>
      <one-to-many class="Parameter"/>
    </set>

    <set name="UsagesAsVariable" inverse="true" cascade="all-delete-orphan">
      <key column="DataAttributeRef" not-null="false"/>
      <one-to-many class="Variable"/>
    </set>

  </subclass>
  
</hibernate-mapping>