<hibernate-mapping xmlns="urn:nhibernate-mapping-2.2" assembly="BExIS.Dlm.Entities" namespace="BExIS.Dlm.Entities.DataStructure">
  <class xmlns="urn:nhibernate-mapping-2.2" name="DataStructure" table="DataStructures" dynamic-update="true">
    <!-- Mapping BaseEntity properties -->
    
    <id name="Id" type="Int64">
      <column name="Id" index="idx_DataStructures_id"/>
      <generator class="native" />
    </id>

    <!--This is the master mapping for a Table per hierarchy mapping.-->
    <discriminator column="DataStructureType" type="String" length="3"/>
    
    <version name="VersionNo" type="Int32">
      <column name="VersionNo" />
    </version>

    <property name="Extra" type="System.Xml.XmlDocument, System.Xml, Version=4.0.0.0, Culture=neutral, PublicKeyToken=b77a5c561934e089">
      <column name="Extra" not-null="false" sql-type="xml" />
    </property>

    <!-- Mapping BusinessEntity properties -->

    <component name="StateInfo">
      <property name="State" type="string">
        <column name="State" />
      </property>
      <property name="Timestamp" type="DateTime">
        <column name="StateTimestamp" not-null="false"/>
      </property>
      <property name="Comment" type="string">
        <column name="StateComment" />
      </property>
    </component>

    <component name="CreationInfo" >
      <property name="ActionType" type="Vaiona.Entities.Common.AuditActionType, Vaiona.Entities">
        <column name="C_ActionType" />
      </property>
      <property name="Performer" type="string">
        <column name="C_Performer" />
      </property>
      <property name="Comment" type="string">
        <column name="C_Comment" />
      </property>
      <property name="Timestamp" type="DateTime">
        <column name="C_Timestamp" not-null="false"/>
      </property>
    </component>

    <component name="ModificationInfo" >
      <property name="ActionType" type="Vaiona.Entities.Common.AuditActionType, Vaiona.Entities">
        <column name="M_ActionType" />
      </property>
      <property name="Performer" type="string">
        <column name="M_Performer" />
      </property>
      <property name="Comment" type="string">
        <column name="M_Comment" />
      </property>
      <property name="Timestamp" type="DateTime">
        <column name="M_Timestamp" not-null="false"/>
      </property>
    </component>

    <!-- Mapping Entity properties -->

    <property name="Name" type="string">
      <column name="Name" index="idx_DataStructures_name" />
    </property>

    <property name="Description" type="string">
      <column name="Description" />
    </property>
    
    <property name="XsdFileName" type="string">
      <column name="XsdFileName" />
    </property>
    
    <property name="XslFileName" type="string">
      <column name="XslFileName" />
    </property>

    <property name="ConfigurationInfo" type="System.Xml.XmlDocument, System.Xml, Version=4.0.0.0, Culture=neutral, PublicKeyToken=b77a5c561934e089">
      <column name="ConfigurationInfo" not-null="false" sql-type="xml" />
    </property>

    <set name="Datasets" inverse="true" lazy="true" order-by="Id" cascade="all"> <!--cascade only insert, update, set null in case of delete-->
      <key column="DataStructureRef" not-null="true" foreign-key="FK_Datasets_DataStructures"/>      
      <one-to-many class="BExIS.Dlm.Entities.Data.Dataset" />
    </set>

    <set name="Views" table="DataStructures_Views" lazy="true">
      <key column="DataStructureRef"/>
      <many-to-many column="ViewRef" class="DataView"/>
    </set>

    <set name="ResearchPlans" inverse="true" table="ResearchPlans_DataStructures" lazy="true" cascade="all-delete-orphan">
      <key column="DataStructureRef"/>
      <many-to-many column="ResearchPlanRef" class="BExIS.Dlm.Entities.Administration.ResearchPlan"/>
    </set>

  </class>

</hibernate-mapping>