<hibernate-mapping xmlns="urn:nhibernate-mapping-2.2" assembly="BExIS.Dlm.Entities" namespace="BExIS.Dlm.Entities.DataStructure">
  <class xmlns="urn:nhibernate-mapping-2.2" name="DataContainer" table="DataContainers" dynamic-update="true">
    <!-- Mapping BaseEntity properties -->
    
    <id name="Id" type="Int64">
      <column name="Id" index="idx_DataContainers_id"/>
      <generator class="native" />
    </id>

    <discriminator column="Discriminator" type="String" length="3"/>
    
    <version name="VersionNo" type="Int32">
      <column name="VersionNo" />
    </version>

    <property name="Extra" type="System.Xml.XmlDocument, System.Xml, Version=4.0.0.0, Culture=neutral, PublicKeyToken=b77a5c561934e089">
      <column name="Extra" not-null="false" sql-type="xml" />
    </property>

    <!-- Mapping BusinessEntity properties -->

    <component name="StateInfo">
      <property name="State" type="string">
        <column name="State" />
      </property>
      <property name="Timestamp" type="DateTime">
        <column name="StateTimestamp" not-null="false"/>
      </property>
      <property name="Comment" type="string">
        <column name="StateComment" />
      </property>
    </component>

    <component name="CreationInfo" >
      <property name="ActionType" type="Vaiona.Entities.Common.AuditActionType, Vaiona.Entities">
        <column name="C_ActionType" />
      </property>
      <property name="Performer" type="string">
        <column name="C_Performer" />
      </property>
      <property name="Comment" type="string">
        <column name="C_Comment" />
      </property>
      <property name="Timestamp" type="DateTime">
        <column name="C_Timestamp" not-null="false"/>
      </property>
    </component>

    <component name="ModificationInfo" >
      <property name="ActionType" type="Vaiona.Entities.Common.AuditActionType, Vaiona.Entities">
        <column name="M_ActionType" />
      </property>
      <property name="Performer" type="string">
        <column name="M_Performer" />
      </property>
      <property name="Comment" type="string">
        <column name="M_Comment" />
      </property>
      <property name="Timestamp" type="DateTime">
        <column name="M_Timestamp" not-null="false"/>
      </property>
    </component>
    
    <!-- Mapping entity properties -->
    
    <property name="Name" type="String">
      <column name="Name" index="idx_DataContainers_name"/>
    </property>

    <property name="ShortName" type="String">
      <column name="ShortName" index="idx_DataContainers_shortName"/>
    </property>

    <property name="Description" type="String">
      <column name="Description" />
    </property>
    
    <property name="IsMultiValue" type="yes_no">
      <column name="IsMultiValue" />
    </property>

    <property name="IsBuiltIn" type="yes_no">
      <column name="IsBuiltIn" />
    </property>

    <property name="Scope" type="String">
      <column name="Scope" index="idx_DataContainers_scope"/>
    </property>

    <property name="EntitySelectionPredicate" type="String">
      <column name="EntitySelectionPredicate" />
    </property>

    <property name="ContainerType" type="BExIS.Dlm.Entities.DataStructure.DataContainerType, BExIS.Dlm.Entities">
      <column name="ContainerType" />
    </property>

    <property name="MeasurementScale" type="BExIS.Dlm.Entities.DataStructure.MeasurementScale, BExIS.Dlm.Entities">
      <column name="MeasurementScale" />
    </property>

    <!-- Mapping entity associations-->
    <many-to-one name="DataType" class="DataType" not-null="true" column="DataTypeRef"/>
    <many-to-one name="Unit" class="Unit" not-null="false" column="UnitRef"/>
    <many-to-one name="Methodology" class="Methodology" not-null="false" column="MethodologyRef"/>

    <set name="Constraints" cascade="all" inverse="true">
      <key column="DataContainerRef" not-null="false"/>
      <one-to-many class="Constraint"/>
    </set>

    <set name="ExtendedProperties" cascade="all" inverse="true">
      <key column="DataContainerRef" not-null="false"/>
      <one-to-many class="ExtendedProperty"/>
    </set>

    <set name="GlobalizationInfos" cascade="all" inverse="true">
      <key column="DataContainerRef" not-null="false"/>
      <one-to-many class="GlobalizationInfo"/>
    </set>

    <set name="AggregateFunctions" table="DataContainers_AggregateFunctions" cascade="all"  lazy="true">
      <key column="DataContainerRef"/>
      <many-to-many column="AggregateFunctionRef" class="AggregateFunction"/>
    </set>

  </class>

</hibernate-mapping>