<hibernate-mapping xmlns="urn:nhibernate-mapping-2.2" assembly="BExIS.Dlm.Entities" namespace="BExIS.Dlm.Entities.DataStructure">
  <class xmlns="urn:nhibernate-mapping-2.2" name="DataType" table="DataTypes" dynamic-update="true">
    <!-- Mapping BaseEntity properties -->
    
    <id name="Id" type="Int64">
      <column name="Id" index="idx_DataTypes_id"/>
      <generator class="native" />
    </id>

    <version name="VersionNo" type="Int32">
      <column name="VersionNo" />
    </version>

    <property name="Extra" type="System.Xml.XmlDocument, System.Xml, Version=4.0.0.0, Culture=neutral, PublicKeyToken=b77a5c561934e089">
      <column name="Extra" not-null="false" sql-type="xml" />
    </property>

    <!-- Mapping DataTuple properties -->
    
    <property name="Name" type="String">
      <column name="Name" index="idx_DataTypes_name" />
    </property>

    <property name="Description" type="String">
      <column name="Description" />
    </property>

    <property name="SystemType" type="String">
      <column name="SystemType" index="idx_DataTypes_systemType" />
    </property>

    <set name="ApplicableUnits" inverse="true" table="Units_DataTypes" lazy="true" cascade="save-update">
      <key column="DataTypeRef"/>
      <many-to-many column="UnitRef" class="Unit"/>
    </set>

    <!-- Cascade only update. in case of delete set the FK in the data container to null-->
    <set name="DataContainers" inverse="true"  cascade="save-update">
      <key column="DataTypeRef" not-null="true"/>
      <one-to-many class="DataContainer"/>
    </set>

  </class>

</hibernate-mapping>