<hibernate-mapping xmlns="urn:nhibernate-mapping-2.2" assembly="BExIS.Dlm.Entities" namespace="BExIS.Dlm.Entities.DataStructure">
  <class xmlns="urn:nhibernate-mapping-2.2" name="Dimension" table="Dimensions" dynamic-update="true" select-before-update="true">
    <!-- Mapping BaseEntity properties -->
    
    <id name="Id" type="Int64">
      <column name="Id" index="idx_Dimensions_id" />
      <generator class="native" />
    </id>

    <version name="VersionNo" type="Int32">
      <column name="VersionNo" />
    </version>

    <property name="Extra" type="System.Xml.XmlDocument, System.Xml, Version=4.0.0.0, Culture=neutral, PublicKeyToken=b77a5c561934e089">
      <column name="Extra" not-null="false" sql-type="xml" />
    </property>

    <!-- Mapping Entity properties -->
    
    <property name="Name" type="String">
      <column name="Name" index="idx_Dimensions_name" />
    </property>

    <property name="Description" type="String">
      <column name="Description" />
    </property>

    <property name="Specification" type="String">
      <column name="Specification" />
    </property>
    

    <set name="Units" inverse="true" lazy="true" cascade="save-update">
      <key>
        <column name="DimensionRef" />
      </key>
      <one-to-many class="BExIS.Dlm.Entities.DataStructure.Unit" />
    </set>

  </class>

</hibernate-mapping>