<hibernate-mapping xmlns="urn:nhibernate-mapping-2.2" assembly="BExIS.Dlm.Entities" namespace="BExIS.Dlm.Entities.DataStructure">
  <class xmlns="urn:nhibernate-mapping-2.2" name="ExtendedProperty" table="ExtendedProperties" dynamic-update="true">
    <!-- Mapping BaseEntity properties -->
    
    <id name="Id" type="Int64">
      <column name="Id" index="idx_ExtendedProperties_id" />
      <generator class="native" />
    </id>

    <version name="VersionNo" type="Int32">
      <column name="VersionNo" />
    </version>

    <property name="Extra" type="System.Xml.XmlDocument, System.Xml, Version=4.0.0.0, Culture=neutral, PublicKeyToken=b77a5c561934e089">
      <column name="Extra" not-null="false" sql-type="xml" />
    </property>

    <!-- Mapping DataTuple properties -->
    
    <property name="Name" type="String">
      <column name="Name" index="idx_ExtendedProperties_name" />
    </property>

    <property name="Description" type="String">
      <column name="Description" />
    </property>

    <many-to-one name="DataContainer" class="DataContainer" not-null="true" column="DataContainerRef"/>

    <!--<set name="Constraints" cascade="all" inverse="true">
      <key column="ExtendedPropertyRef" not-null="false"/>
      <one-to-many class="Constraint"/>
    </set>-->

  </class>

</hibernate-mapping>