<hibernate-mapping xmlns="urn:nhibernate-mapping-2.2" assembly="BExIS.Dlm.Entities" namespace="BExIS.Dlm.Entities.DataStructure">
  <class xmlns="urn:nhibernate-mapping-2.2" name="GlobalizationInfo" table="GlobalizationInfos" dynamic-update="true">
    <!-- Mapping BaseEntity properties -->
    
    <id name="Id" type="Int64">
      <column name="Id" index="idx_Globalizations_id" />
      <generator class="native" />
    </id>

    <version name="VersionNo" type="Int32">
      <column name="VersionNo" />
    </version>

    <property name="Extra" type="System.Xml.XmlDocument, System.Xml, Version=4.0.0.0, Culture=neutral, PublicKeyToken=b77a5c561934e089">
      <column name="Extra" not-null="false" sql-type="xml" />
    </property>

    <!-- Mapping Entity properties -->
    
    <property name="CultureId" type="String">
      <column name="CultureId"  index="idx_Globalizations_cultureId"/>
    </property>

    <property name="DisplayName" type="String">
      <column name="DisplayName" index="idx_Globalizations_displayName" />
    </property>

    <property name="Description" type="String">
      <column name="Description" />
    </property>

    <many-to-one name="DataContainer" class="DataContainer" not-null="false" column="DataContainerRef"/>
    
  </class>

</hibernate-mapping>