<hibernate-mapping xmlns="urn:nhibernate-mapping-2.2" assembly="BExIS.Dlm.Entities" namespace="BExIS.Dlm.Entities.DataStructure">
  <class xmlns="urn:nhibernate-mapping-2.2" name="Unit" table="Units" dynamic-update="true" select-before-update="true">
    <!-- Mapping BaseEntity properties -->
    
    <id name="Id" type="Int64">
      <column name="Id" index="idx_Units_id"/>
      <generator class="native" />
    </id>

    <version name="VersionNo" type="Int32">
      <column name="VersionNo" />
    </version>

    <property name="Extra" type="System.Xml.XmlDocument, System.Xml, Version=4.0.0.0, Culture=neutral, PublicKeyToken=b77a5c561934e089">
      <column name="Extra" not-null="false" sql-type="xml" />
    </property>

    <!-- Mapping Entity properties -->
    
    <property name="Name" type="String">
      <column name="Name" index="idx_Units_name"/>
    </property>

    <property name="Abbreviation" type="String">
      <column name="Abbreviation" index="idx_Units_abbreviation" />
    </property>

    <property name="Description" type="String">
      <column name="Description" />
    </property>

    <property name="MeasurementSystem" type="BExIS.Dlm.Entities.DataStructure.MeasurementSystem, BExIS.Dlm.Entities">
      <column name="MeasurementSystem" index="idx_Units_measurementSystem" />
    </property>

    <set name="ConversionsIamTheSource" cascade="none" inverse="true" lazy="false">
      <key column="SourceUnitRef" not-null="true"/>
      <one-to-many class="ConversionMethod"/>
    </set>

    <!--
    the cascade must be ="all-delete-orphan" but currently it creates a cycle somewhere! that should be found. I think it is because unit has two relationships with ConversionMethod.
    so when I try to delete a unit, it tries to delete the conversion method that it acts a the source, and the conversion method tries to update the unit, ...
    one solution is to stay with current, second: I am looking for :-( 25.06.12, Javad
    -->
    <set name="ConversionsIamTheTarget" cascade="none" inverse="true" lazy="false">      
      <key column="TargetUnitRef" not-null="true"/>
      <one-to-many class="ConversionMethod"/>
    </set>

    <!-- Cascade only update. in case of delete set the FK in the data container to null-->
    <set name="DataContainers" inverse="true" cascade="save-update"> 
      <key column="UnitRef" not-null="false"/>
      <one-to-many class="DataContainer"/>
    </set>
          
    <set name="AssociatedDataTypes" table="Units_DataTypes" cascade="save-update"  lazy="true">
      <key column="UnitRef"/>
      <many-to-many column="DataTypeRef" class="DataType"/>
    </set>

    <many-to-one name="Dimension" class="BExIS.Dlm.Entities.DataStructure.Dimension" not-null="true" column="DimensionRef"/>


  </class>

</hibernate-mapping>