<hibernate-mapping xmlns="urn:nhibernate-mapping-2.2" assembly="BExIS.Dlm.Entities" namespace="BExIS.Dlm.Entities.DataStructure">
  <class xmlns="urn:nhibernate-mapping-2.2" name="Variable" table="Variables" dynamic-update="true">
    <!-- Mapping BaseEntity properties -->
    
    <id name="Id" type="Int64">
      <column name="Id" index="idx_Variables_id"/>
      <generator class="native" />
    </id>

    <version name="VersionNo" type="Int32">
      <column name="VersionNo" />
    </version>

    <property name="Extra" type="System.Xml.XmlDocument, System.Xml, Version=4.0.0.0, Culture=neutral, PublicKeyToken=b77a5c561934e089">
      <column name="Extra" not-null="false" sql-type="xml" />
    </property>

    <!-- Mapping Entity properties -->

    <property name="MinCardinality" type="Int32">
      <column name="MinCardinality" />
    </property>

    <property name="MaxCardinality" type="Int32">
      <column name="MaxCardinality" />
    </property>

    <property name="Label" type="String">
      <column name="Label" index="idx_Variables_label"/>
    </property>

    <property name="Description" type="String">
      <column name="Description" />
    </property>

    <property name="DefaultValue" type="String">
      <column name="DefaultValue" />
    </property>

    <property name="MissingValue" type="String">
      <column name="MissingValue" />
    </property>
    
    <many-to-one name="DataAttribute" class="DataAttribute" not-null="true" column="DataAttributeRef"/>
    <many-to-one name="Unit" class="Unit" not-null="false" column="UnitRef"/>
    <many-to-one name="DataStructure" class="StructuredDataStructure" not-null="true" column="DataStructureRef"/>

    <set name="Parameters" inverse="true">
      <key column="VariableRef" not-null="false"/>
      <one-to-many class="Parameter"/>
    </set>


  </class>

</hibernate-mapping>