﻿<hibernate-mapping xmlns="urn:nhibernate-mapping-2.2" assembly="BExIS.Dim.Entities" namespace="BExIS.Dim.Entities.Publication">
  <class xmlns="urn:nhibernate-mapping-2.2" name="Broker" table="DIM_Brokers">
    <!-- Mapping BaseEntity properties -->

    <id name="Id" type="Int64">
      <column name="Id" />
      <generator class="native" />
    </id>

    <version name="VersionNo" type="Int32">
      <column name="VersionNo" />
    </version>

    <property name="Extra" type="System.Xml.XmlDocument, System.Xml, Version=4.0.0.0, Culture=neutral, PublicKeyToken=b77a5c561934e089">
      <column name="Extra" not-null="false" sql-type="xml" />
    </property>

    <!-- Mapping Publication properties -->

    <property name="Name" type="string">
      <column name="Name" />
    </property>


    <property name="Server" type="string">
      <column name="Server" />
    </property>

    <property name="UserName" type="string">
      <column name="UserName" />
    </property>

    <property name="Password" type="string">
      <column name="Password" />
    </property>

    <property name="MetadataFormat" type="string">
      <column name="MetadataFormat" />
    </property>

    <property name="PrimaryDataFormat" type="string">
      <column name="PrimaryDataFormat" />
    </property>

  </class>
</hibernate-mapping>