<hibernate-mapping xmlns="urn:nhibernate-mapping-2.2" assembly="BExIS.Dim.Entities" namespace="BExIS.Dim.Entities.Publication">
  <class xmlns="urn:nhibernate-mapping-2.2" name="Publication" table="DIM_Publications">
    <!-- Mapping BaseEntity properties -->
    
    <id name="Id" type="Int64">
      <column name="Id" />
      <generator class="native" />
    </id>

    <version name="VersionNo" type="Int32">
      <column name="VersionNo" />
    </version>

    <property name="Extra" type="System.Xml.XmlDocument, System.Xml, Version=4.0.0.0, Culture=neutral, PublicKeyToken=b77a5c561934e089">
      <column name="Extra" not-null="false" sql-type="xml" />
    </property>

    <!-- Mapping Publication properties -->
    
    <property name="ResearchObjectId" type="Int64">
      <column name="ResearchObjectId" />
    </property>

    <property name="RepositoryObjectId" type="Int64">
      <column name="RepositoryObjectId" />
    </property>

    <property name="Name" type="string">
      <column name="Name" />
    </property>

    <property name="Timestamp" type="Timestamp">
      <column name="Timestamp" />
    </property>

    <property name="FilePath" type="string">
      <column name="FilePath" />
    </property>

    <property name="ExternalLink" type="string">
      <column name="ExternalLink" />
    </property>
    
    <property name="Status" type="string">
      <column name="Status" />
    </property>

    <!-- Associations -->

    <many-to-one class="BExIS.Dlm.Entities.Data.DatasetVersion" name="DatasetVersion" column="DatasetVersionRef">      
    </many-to-one>

    <many-to-one class="Broker" name="Broker" column="BrokerRef">
    </many-to-one>

    <many-to-one class="Repository" name="Repository" column="RepositoryRef">
    </many-to-one>
   
    
  </class>
</hibernate-mapping>