﻿<hibernate-mapping xmlns="urn:nhibernate-mapping-2.2" assembly="BExIS.Dim.Entities" namespace="BExIS.Dim.Entities.Publication">
  <class xmlns="urn:nhibernate-mapping-2.2" name="Repository" table="DIM_Repositories">
    <!-- Mapping BaseEntity properties -->

    <id name="Id" type="Int64">
      <column name="Id" />
      <generator class="native" />
    </id>

    <version name="VersionNo" type="Int32">
      <column name="VersionNo" />
    </version>

    <property name="Extra" type="System.Xml.XmlDocument, System.Xml, Version=4.0.0.0, Culture=neutral, PublicKeyToken=b77a5c561934e089">
      <column name="Extra" not-null="false" sql-type="xml" />
    </property>

    <!-- Mapping Publication properties -->

    <property name="Name" type="string">
      <column name="Name" />
    </property>
    
    <property name="Url" type="string">
      <column name="Url" />
    </property>
    
    
    <!-- Associations -->

    <many-to-one class="Broker" name="Broker" column="BrokerRef">
    </many-to-one>

  </class>
</hibernate-mapping>