﻿<?xml version="1.0" encoding="utf-8"?>
<bgc:metaProfile xmlns:bgc="http://www.bgc-jena.mpg.de" xmlns:xsi="http://www.w3.org/2001/XMLSchema-instance" xmlns="http://www.bgc-jena.mpg.de" xsi:schemaLocation="http://www.bgc-jena.mpg.de schema.xsd">
  <bgc:general bgc:source="mixed">
    <bgc:id bgc:source="intern">3</bgc:id>
    <bgc:versionID bgc:source="intern">0</bgc:versionID>
    <bgc:lineage bgc:source="intern">
      <bgc:datasetid bgc:source="intern">0</bgc:datasetid>
      <bgc:version bgc:source="intern">1.0.0</bgc:version>
    </bgc:lineage>
    <bgc:title></bgc:title>
    <bgc:language>en</bgc:language>
    <bgc:owners>
      <bgc:owner number="1"></bgc:owner>
    </bgc:owners>
    <bgc:notification>
      <bgc:downloadNotification></bgc:downloadNotification>
    </bgc:notification>
    <bgc:contact>
      <bgc:author></bgc:author>
      <bgc:projectName></bgc:projectName>
      <bgc:projectLeader></bgc:projectLeader>
      <bgc:institute></bgc:institute>
      <bgc:address>
        <bgc:street></bgc:street>
        <bgc:zipCode></bgc:zipCode>
        <bgc:city></bgc:city>
      </bgc:address>
      <bgc:email></bgc:email>
      <bgc:url/>
      <bgc:phone></bgc:phone>
      <bgc:mobile/>
      <bgc:fax/>
    </bgc:contact>
  </bgc:general>
  <bgc:researchObjects>
    <bgc:landuse>
      <bgc:grassland>no</bgc:grassland>
      <bgc:forest>yes</bgc:forest>
    </bgc:landuse>
    <bgc:plotLevel>EP</bgc:plotLevel>
    <bgc:taxa>
      <bgc:taxon number="1">none</bgc:taxon>
    </bgc:taxa>
    <bgc:processes>
      <bgc:process number="1">none</bgc:process>
    </bgc:processes>
    <bgc:services>
      <bgc:service number="1">none</bgc:service>
    </bgc:services>
  </bgc:researchObjects>
  <bgc:methodology>
    <bgc:introduction input="textarea">none</bgc:introduction>
    <bgc:measurements>
      <bgc:theory input="textarea"></bgc:theory>
      <bgc:type input="textarea"></bgc:type>
    </bgc:measurements>
    <bgc:equipment>
      <bgc:instruments input="textarea">none</bgc:instruments>
      <bgc:calibration input="textarea">none</bgc:calibration>
      <bgc:procedures input="textarea">none</bgc:procedures>
    </bgc:equipment>
  </bgc:methodology>
  <bgc:description>
    <bgc:acronyms>
      <bgc:acronymPair number="1">
        <bgc:acronym number="1">none</bgc:acronym>
        <bgc:meaning number="1">none</bgc:meaning>
      </bgc:acronymPair>
    </bgc:acronyms>
    <bgc:keywords>
      <bgc:keyword number="1">none</bgc:keyword>
    </bgc:keywords>
  </bgc:description>
  <bgc:time>
    <bgc:when timeType="period" xsi:type="bgc:dateFrame">
      <bgc:format>yyyy-MM-dd</bgc:format>
      <bgc:startDate>2013-01-01</bgc:startDate>
      <bgc:endDate>2013-10-01</bgc:endDate>
    </bgc:when>
    <bgc:dateEntry bgc:source="intern">2010-12-21</bgc:dateEntry>
    <bgc:dateLastModified bgc:source="intern">2010-12-21</bgc:dateLastModified>
  </bgc:time>
  <bgc:data>
    <bgc:fileName bgc:source="intern">LiDAR_ALB_100_0.75.csv;</bgc:fileName>
    <bgc:fileType>structuredData</bgc:fileType>
    <bgc:manipulations input="textarea">none</bgc:manipulations>
    <bgc:errors>none</bgc:errors>
    <bgc:qualityLevel>raw</bgc:qualityLevel>
    <bgc:dataStatus>incomplete</bgc:dataStatus>
    <bgc:location bgc:source="mixed">
      <bgc:exploratory>
        <bgc:keyExplo>ALB</bgc:keyExplo>
        <bgc:valueExplo>ALB</bgc:valueExplo>
      </bgc:exploratory>
      <bgc:plots>
        <bgc:keyPlots>asVariable</bgc:keyPlots>
        <bgc:valuePlots>id</bgc:valuePlots>
      </bgc:plots>
      <bgc:srs bgc:source="mixed">
        <bgc:epsg>-</bgc:epsg>
        <bgc:coordinates>
          <bgc:longitude/>
          <bgc:latitude/>
        </bgc:coordinates>
        <bgc:bbox bgc:source="intern">
          <bgc:ulx>0</bgc:ulx>
          <bgc:uly>0</bgc:uly>
          <bgc:lrx>0</bgc:lrx>
          <bgc:lry>0</bgc:lry>
        </bgc:bbox>
      </bgc:srs>
    </bgc:location>
    <bgc:dataStructure>
      <bgc:dataFormat>
        <bgc:fileFormat>ASCII</bgc:fileFormat>
        <bgc:delimiter>comma</bgc:delimiter>
        <bgc:decimalCharacter>.</bgc:decimalCharacter>
        <bgc:quote>"</bgc:quote>
        <bgc:missingValues>NA</bgc:missingValues>
        <bgc:NA/>
        <bgc:orientation>columnwise</bgc:orientation>
        <bgc:offset>0</bgc:offset>
        <bgc:header>
          <bgc:variableNames>1</bgc:variableNames>
          <bgc:dataValues>2</bgc:dataValues>
          <bgc:units>0</bgc:units>
          <bgc:annotation>0</bgc:annotation>
          <bgc:metaInformation>0</bgc:metaInformation>
        </bgc:header>
        <bgc:relationKey/>
      </bgc:dataFormat>
      <bgc:matrix>
        <bgc:columnName/>
        <bgc:columnStartCell/>
        <bgc:rowName/>
        <bgc:rowStartCell/>
        <bgc:contentType/>
        <bgc:matrixUnit/>
        <bgc:values/>
      </bgc:matrix>
    </bgc:dataStructure>
  </bgc:data>
  <bgc:references>
    <bgc:database/>
    <bgc:papers>
      <bgc:paper number="1"/>
    </bgc:papers>
  </bgc:references>
  <bgc:comment/>
</bgc:metaProfile>