﻿<hibernate-mapping xmlns="urn:nhibernate-mapping-2.2" assembly="BExIS.Security.Entities" namespace="BExIS.Security.Entities.Authorization">
  <class xmlns="urn:nhibernate-mapping-2.2" name="Permission" table="Permissions" abstract="true" dynamic-update="true">
    <id name="Id" type="long" column="Id">
      <generator class="hilo" />
    </id>
    <version name="VersionNo" type="Int32">
      <column name="VersionNo" />
    </version>
    <property name="Extra" type="System.Xml.XmlDocument, System.Xml, Version=4.0.0.0, Culture=neutral, PublicKeyToken=b77a5c561934e089">
      <column name="Extra" not-null="false" sql-type="xml" />
    </property>
    <property name="PermissionType" type="BExIS.Security.Entities.Authorization.PermissionType, BExIS.Security.Entities">
      <column name="PermissionType" not-null="true" sql-type="int" />
    </property>
    <many-to-one name="Subject" column="SubjectRef" class="BExIS.Security.Entities.Subjects.Subject, BExIS.Security.Entities" />
  </class>
</hibernate-mapping>