﻿<hibernate-mapping xmlns="urn:nhibernate-mapping-2.2" assembly="BExIS.Security.Entities" namespace="BExIS.Security.Entities.Authorization">
  <class xmlns="urn:nhibernate-mapping-2.2" name="Role" table="Roles" dynamic-update="true">

    <id name="Id" type="Int64">
      <generator class="native" />
    </id>

    <version name="VersionNo" type="Int32">
      <column name="VersionNo" />
    </version>

    <property name="Extra" type="System.Xml.XmlDocument, System.Xml, Version=4.0.0.0, Culture=neutral, PublicKeyToken=b77a5c561934e089">
      <column name="Extra" not-null="false" sql-type="xml" />
    </property>

    <property name="Description" type="String" />
    <property name="Name" type="String" />
    <set name="Subjects" table="Subjects_Roles" cascade="save-update" inverse="true" lazy="true">
      <key column="RolesRef" />
      <many-to-many column="SubjectRef" class="BExIS.Security.Entities.Subjects.Subject, BExIS.Security.Entities" />
    </set>
  </class>
</hibernate-mapping>