﻿<hibernate-mapping xmlns="urn:nhibernate-mapping-2.2" assembly="BExIS.Security.Entities" namespace="BExIS.Security.Entities.Authorization">
  <class xmlns="urn:nhibernate-mapping-2.2" name="Rule" table="Rules" dynamic-update="true">

    <id name="Id" type="Int64">
      <generator class="native" />
    </id>

    <version name="VersionNo" type="Int32">
      <column name="VersionNo" />
    </version>

    <property name="Extra" type="System.Xml.XmlDocument, System.Xml, Version=4.0.0.0, Culture=neutral, PublicKeyToken=b77a5c561934e089">
      <column name="Extra" not-null="false" sql-type="xml" />
    </property>

    <many-to-one name="Role" column="RoleRef" class="BExIS.Security.Entities.Authorization.Role, BExIS.Security.Entities" />
  </class>
</hibernate-mapping>