<?xml version="1.0" encoding="utf-8" ?>
<Tenant id="bexis" useFallback="false">
	<ShortName>BExIS</ShortName>
	<Title>Research Data Management System</Title>
	<Description>BExIS is a general purpose research data management system...</Description>
	<Logo>Bildmarke_BEXIS_cmyk.svg</Logo>
	<FavIcon>favicon.ico</FavIcon>
	<Theme>Default</Theme>
	<Layout>_Layout</Layout>
	<LandingPage>/</LandingPage> <!-- a relative path to an action inside the app-->
	<PolicyFileName>policy.htm</PolicyFileName>
	<ContactUsFileName>contact.htm</ContactUsFileName>
	<ImprintFileName>imprint.htm</ImprintFileName>
	<ContactEmail>conatct@bx.de</ContactEmail>
	<SupportEmail>support@bx.de</SupportEmail>
	<!-- Order is not guranteed. any regular expression to be matched agaist the application root URl and/or port number -->
	<MatchingRules> <!--of form: scheme://host:port all optional, all regex-->
		<MatchingRule>(http:\/\/)?localhost:63535</MatchingRule>
		<MatchingRule>(https?:\/\/)?bx2test.inf-bb.uni-jena.de:2016</MatchingRule>
		<!--<MatchingRule>(https?:\/\/)?([\da-z\.-]+)(:([\d]+))?</MatchingRule>--><!-- matches every url-->
	</MatchingRules>
	<AllowedFileExtensions>csv,xml,xsl,xsls</AllowedFileExtensions> <!-- comma separated, no spaces -->
	<MaximumUploadSize>1024</MaximumUploadSize> <!--In MB-->
	<Resources>
		<Resource key="biglogo" id="Logo_BEXIS_cmyk.svg" contentType="Image"></Resource> <!-- contentType is one of: Image, Theme, Conent-->
	</Resources>
</Tenant>
