<hibernate-mapping xmlns="urn:nhibernate-mapping-2.2" assembly="BExIS.Dlm.Entities" namespace="BExIS.Dlm.Entities.MetadataStructure">
  <class xmlns="urn:nhibernate-mapping-2.2" name="MetadataPackage" table="MetadataPackages" dynamic-update="true">
    <!-- Mapping BaseEntity properties -->
    
    <id name="Id" type="Int64">
      <column name="Id" index="idx_MetadataPackages_id"/>
      <generator class="native" />
    </id>

    <version name="VersionNo" type="Int32">
      <column name="VersionNo" />
    </version>

    <property name="Extra" type="System.Xml.XmlDocument, System.Xml, Version=4.0.0.0, Culture=neutral, PublicKeyToken=b77a5c561934e089">
      <column name="Extra" not-null="false" sql-type="xml" />
    </property>

    <!-- Mapping BusinessEntity properties -->

    <component name="StateInfo">
      <property name="State" type="string">
        <column name="State" />
      </property>
      <property name="Timestamp" type="DateTime">
        <column name="StateTimestamp" not-null="false"/>
      </property>
      <property name="Comment" type="string">
        <column name="StateComment" />
      </property>
    </component>

    <component name="CreationInfo" >
      <property name="ActionType" type="Vaiona.Entities.Common.AuditActionType, Vaiona.Entities">
        <column name="C_ActionType" />
      </property>
      <property name="Performer" type="string">
        <column name="C_Performer" />
      </property>
      <property name="Comment" type="string">
        <column name="C_Comment" />
      </property>
      <property name="Timestamp" type="DateTime">
        <column name="C_Timestamp" not-null="false"/>
      </property>
    </component>

    <component name="ModificationInfo" >
      <property name="ActionType" type="Vaiona.Entities.Common.AuditActionType, Vaiona.Entities">
        <column name="M_ActionType" />
      </property>
      <property name="Performer" type="string">
        <column name="M_Performer" />
      </property>
      <property name="Comment" type="string">
        <column name="M_Comment" />
      </property>
      <property name="Timestamp" type="DateTime">
        <column name="M_Timestamp" not-null="false"/>
      </property>
    </component>

    <!-- Mapping Entity properties -->

    <property name="Name" type="string">
      <column name="Name" index="idx_MetadataPackages_name"/>
    </property>

    <property name="Description" type="string">
      <column name="Description" />
    </property>

    <property name="IsEnabled" type="yes_no">
      <column name="IsEnabled" />
    </property>

    <set name="MetadataAttributeUsages" inverse="true" order-by="Id" cascade="all-delete-orphan">
      <!-- should delete the usage but not the target package-->
      <!--cascade only insert, update, set null in case of delete-->
      <key>
        <column name="MetadataPackageRef" />
      </key>
      <one-to-many class="MetadataAttributeUsage" />
    </set>

    <set name="UsedIn" inverse="true" order-by="Id" cascade="all-delete-orphan"> <!--cascade only insert, update, set null in case of delete-->
      <key>
        <column name="MetadataPackageRef" />
      </key>
      <one-to-many class="MetadataPackageUsage" />
    </set>

  </class>

</hibernate-mapping>