﻿<hibernate-mapping xmlns="urn:nhibernate-mapping-2.2" assembly="BExIS.Dim.Entities" namespace="BExIS.Dim.Entities.Mapping">
  <class xmlns="urn:nhibernate-mapping-2.2" name="LinkElement" table="DIM_LinkElements">
    <!-- Mapping BaseEntity properties -->

    <id name="Id" type="Int64">
      <column name="Id" />
      <generator class="native" />
    </id>

    <!--<discriminator column="Discriminator" type="String" length="3"/>-->

    <version name="VersionNo" type="Int32">
      <column name="VersionNo" />
    </version>

    <property name="Extra" type="System.Xml.XmlDocument, System.Xml, Version=4.0.0.0, Culture=neutral, PublicKeyToken=b77a5c561934e089">
      <column name="Extra" not-null="false" sql-type="xml" />
    </property>

    <!-- Mapping Publication properties -->

    <property name="Name" type="string">
      <column name="Name" />
    </property>
    
    <property name="XPath" type="string">
      <column name="XPath" />
    </property>
    
    <property name="IsSequence" type="boolean">
      <column name="IsSequence" />
    </property>

    <property name="ElementId" type="Int64">
      <column name="ElementId" />
    </property>

    <property name="Type" type="BExIS.Dim.Entities.Mapping.LinkElementType, BExIS.Dim.Entities ">
      <column name="Type" />
    </property>

    <property name="Complexity" type="BExIS.Dim.Entities.Mapping.LinkElementComplexity, BExIS.Dim.Entities ">
      <column name="Complexity" />
    </property>

    <property name="Mask" type="string">
      <column name="Mask" />
    </property>

   
    <!-- Associations -->

    <many-to-one class="BExIS.Dim.Entities.Mapping.LinkElement" name="Parent" column="ParentRef">
    </many-to-one>

    <!--<set name="Children" cascade="all-delete-orphan" inverse="true">
      <key column="ParentRef" not-null="false" foreign-key="FK_LinkElement_Parent"/>
      <one-to-many class="LinkElement"/>
    </set>-->
  </class>
</hibernate-mapping>