﻿<hibernate-mapping xmlns="urn:nhibernate-mapping-2.2" assembly="BExIS.Dim.Entities" namespace="BExIS.Dim.Entities.Mapping">
  <class xmlns="urn:nhibernate-mapping-2.2" name="Mapping" table="DIM_Mappings">
    <!-- Mapping BaseEntity properties -->

    <id name="Id" type="Int64">
      <column name="Id" />
      <generator class="native" />
    </id>

    <version name="VersionNo" type="Int32">
      <column name="VersionNo" />
    </version>

    <property name="Extra" type="System.Xml.XmlDocument, System.Xml, Version=4.0.0.0, Culture=neutral, PublicKeyToken=b77a5c561934e089">
      <column name="Extra" not-null="false" sql-type="xml" />
    </property>

    <!-- Associations -->

    <property name="Level" type="Int64">
      <column name="Level" />
    </property>

    <many-to-one class="BExIS.Dim.Entities.Mapping.LinkElement" name="Source" column="SourceRef">
    </many-to-one>
    <many-to-one class="BExIS.Dim.Entities.Mapping.LinkElement" name="Target" column="TargetRef">
    </many-to-one>

    <many-to-one class="BExIS.Dim.Entities.Mapping.TransformationRule" name="TransformationRule" column="TransformationRuleRef">
    </many-to-one>
    
  </class>
</hibernate-mapping>